[
{
  "model": "admin.logentry",
  "pk": 1,
  "fields": {
    "action_time": "2025-07-25T11:48:47.999Z",
    "user": 1,
    "content_type": 6,
    "object_id": "16",
    "object_repr": "Game Development",
    "action_flag": 2,
    "change_message": "[{\"changed\": {\"fields\": [\"Slug\"]}}]"
  }
},
{
  "model": "admin.logentry",
  "pk": 2,
  "fields": {
    "action_time": "2025-07-25T11:49:04.276Z",
    "user": 1,
    "content_type": 6,
    "object_id": "15",
    "object_repr": "Web Development",
    "action_flag": 2,
    "change_message": "[{\"changed\": {\"fields\": [\"Slug\"]}}]"
  }
},
{
  "model": "admin.logentry",
  "pk": 3,
  "fields": {
    "action_time": "2025-07-25T11:49:21.968Z",
    "user": 1,
    "content_type": 6,
    "object_id": "7",
    "object_repr": "Data Science",
    "action_flag": 2,
    "change_message": "[{\"changed\": {\"fields\": [\"Slug\"]}}]"
  }
},
{
  "model": "admin.logentry",
  "pk": 4,
  "fields": {
    "action_time": "2025-07-25T11:49:36.355Z",
    "user": 1,
    "content_type": 6,
    "object_id": "6",
    "object_repr": "DevOps",
    "action_flag": 2,
    "change_message": "[{\"changed\": {\"fields\": [\"Slug\"]}}]"
  }
},
{
  "model": "admin.logentry",
  "pk": 5,
  "fields": {
    "action_time": "2025-07-25T11:49:43.611Z",
    "user": 1,
    "content_type": 6,
    "object_id": "2",
    "object_repr": "Frontend",
    "action_flag": 2,
    "change_message": "[{\"changed\": {\"fields\": [\"Slug\"]}}]"
  }
},
{
  "model": "admin.logentry",
  "pk": 6,
  "fields": {
    "action_time": "2025-07-25T11:49:48.947Z",
    "user": 1,
    "content_type": 6,
    "object_id": "1",
    "object_repr": "Backend",
    "action_flag": 2,
    "change_message": "[{\"changed\": {\"fields\": [\"Slug\"]}}]"
  }
},
{
  "model": "admin.logentry",
  "pk": 7,
  "fields": {
    "action_time": "2025-07-25T11:50:44.131Z",
    "user": 1,
    "content_type": 7,
    "object_id": "1",
    "object_repr": "Python",
    "action_flag": 2,
    "change_message": "[{\"changed\": {\"fields\": [\"Slug\"]}}]"
  }
},
{
  "model": "admin.logentry",
  "pk": 8,
  "fields": {
    "action_time": "2025-07-25T11:50:48.824Z",
    "user": 1,
    "content_type": 7,
    "object_id": "2",
    "object_repr": "Django",
    "action_flag": 2,
    "change_message": "[{\"changed\": {\"fields\": [\"Slug\"]}}]"
  }
},
{
  "model": "admin.logentry",
  "pk": 9,
  "fields": {
    "action_time": "2025-07-25T11:50:54.336Z",
    "user": 1,
    "content_type": 7,
    "object_id": "3",
    "object_repr": "Flask",
    "action_flag": 2,
    "change_message": "[{\"changed\": {\"fields\": [\"Slug\"]}}]"
  }
},
{
  "model": "admin.logentry",
  "pk": 10,
  "fields": {
    "action_time": "2025-07-25T11:50:59.402Z",
    "user": 1,
    "content_type": 7,
    "object_id": "4",
    "object_repr": "React",
    "action_flag": 2,
    "change_message": "[{\"changed\": {\"fields\": [\"Slug\"]}}]"
  }
},
{
  "model": "admin.logentry",
  "pk": 11,
  "fields": {
    "action_time": "2025-07-25T11:51:04.907Z",
    "user": 1,
    "content_type": 7,
    "object_id": "5",
    "object_repr": "Angular",
    "action_flag": 2,
    "change_message": "[{\"changed\": {\"fields\": [\"Slug\"]}}]"
  }
},
{
  "model": "admin.logentry",
  "pk": 12,
  "fields": {
    "action_time": "2025-07-25T11:51:09.918Z",
    "user": 1,
    "content_type": 7,
    "object_id": "6",
    "object_repr": "Vue.js",
    "action_flag": 2,
    "change_message": "[{\"changed\": {\"fields\": [\"Slug\"]}}]"
  }
},
{
  "model": "admin.logentry",
  "pk": 13,
  "fields": {
    "action_time": "2025-07-25T11:51:14.898Z",
    "user": 1,
    "content_type": 7,
    "object_id": "7",
    "object_repr": "JavaScript",
    "action_flag": 2,
    "change_message": "[{\"changed\": {\"fields\": [\"Slug\"]}}]"
  }
},
{
  "model": "admin.logentry",
  "pk": 14,
  "fields": {
    "action_time": "2025-07-25T11:51:23.193Z",
    "user": 1,
    "content_type": 7,
    "object_id": "8",
    "object_repr": "HTML",
    "action_flag": 2,
    "change_message": "[{\"changed\": {\"fields\": [\"Slug\"]}}]"
  }
},
{
  "model": "admin.logentry",
  "pk": 15,
  "fields": {
    "action_time": "2025-07-25T11:51:27.047Z",
    "user": 1,
    "content_type": 7,
    "object_id": "9",
    "object_repr": "CSS",
    "action_flag": 2,
    "change_message": "[{\"changed\": {\"fields\": [\"Slug\"]}}]"
  }
},
{
  "model": "admin.logentry",
  "pk": 16,
  "fields": {
    "action_time": "2025-07-25T11:51:38.035Z",
    "user": 1,
    "content_type": 7,
    "object_id": "10",
    "object_repr": "REST API",
    "action_flag": 2,
    "change_message": "[{\"changed\": {\"fields\": [\"Slug\"]}}]"
  }
},
{
  "model": "admin.logentry",
  "pk": 17,
  "fields": {
    "action_time": "2025-07-25T11:51:48.666Z",
    "user": 1,
    "content_type": 7,
    "object_id": "11",
    "object_repr": "GraphQL",
    "action_flag": 2,
    "change_message": "[{\"changed\": {\"fields\": [\"Slug\"]}}]"
  }
},
{
  "model": "admin.logentry",
  "pk": 18,
  "fields": {
    "action_time": "2025-07-25T11:51:54.353Z",
    "user": 1,
    "content_type": 7,
    "object_id": "12",
    "object_repr": "Docker",
    "action_flag": 2,
    "change_message": "[{\"changed\": {\"fields\": [\"Slug\"]}}]"
  }
},
{
  "model": "admin.logentry",
  "pk": 19,
  "fields": {
    "action_time": "2025-07-25T11:51:59.438Z",
    "user": 1,
    "content_type": 7,
    "object_id": "13",
    "object_repr": "Kubernetes",
    "action_flag": 2,
    "change_message": "[{\"changed\": {\"fields\": [\"Slug\"]}}]"
  }
},
{
  "model": "admin.logentry",
  "pk": 20,
  "fields": {
    "action_time": "2025-07-25T11:52:04.976Z",
    "user": 1,
    "content_type": 7,
    "object_id": "14",
    "object_repr": "SQL",
    "action_flag": 2,
    "change_message": "[{\"changed\": {\"fields\": [\"Slug\"]}}]"
  }
},
{
  "model": "admin.logentry",
  "pk": 21,
  "fields": {
    "action_time": "2025-07-25T11:52:14.827Z",
    "user": 1,
    "content_type": 7,
    "object_id": "15",
    "object_repr": "NoSQL",
    "action_flag": 2,
    "change_message": "[{\"changed\": {\"fields\": [\"Slug\"]}}]"
  }
},
{
  "model": "admin.logentry",
  "pk": 22,
  "fields": {
    "action_time": "2025-07-25T12:29:37.342Z",
    "user": 1,
    "content_type": 8,
    "object_id": "10",
    "object_repr": "Python: Почему его ненавидят?",
    "action_flag": 2,
    "change_message": "[{\"changed\": {\"fields\": [\"\\u0421\\u043e\\u0434\\u0435\\u0440\\u0436\\u0430\\u043d\\u0438\\u0435 \\u043f\\u043e\\u0441\\u0442\\u0430\"]}}]"
  }
},
{
  "model": "admin.logentry",
  "pk": 23,
  "fields": {
    "action_time": "2025-07-25T23:32:02.237Z",
    "user": 1,
    "content_type": 9,
    "object_id": "1",
    "object_repr": "tami",
    "action_flag": 2,
    "change_message": "[{\"changed\": {\"fields\": [\"First name\", \"Last name\"]}}]"
  }
},
{
  "model": "admin.logentry",
  "pk": 24,
  "fields": {
    "action_time": "2025-07-25T23:56:34.551Z",
    "user": 1,
    "content_type": 8,
    "object_id": "2",
    "object_repr": "React vs. Vue.js: Битва титанов Frontend разработки",
    "action_flag": 2,
    "change_message": "[{\"changed\": {\"fields\": [\"\\u0421\\u043e\\u0434\\u0435\\u0440\\u0436\\u0430\\u043d\\u0438\\u0435 \\u043f\\u043e\\u0441\\u0442\\u0430\"]}}]"
  }
},
{
  "model": "admin.logentry",
  "pk": 25,
  "fields": {
    "action_time": "2025-07-25T23:57:52.127Z",
    "user": 1,
    "content_type": 8,
    "object_id": "3",
    "object_repr": "Docker для чайников: Контейнеризация веб-приложений",
    "action_flag": 2,
    "change_message": "[{\"changed\": {\"fields\": [\"Slug\", \"\\u0421\\u043e\\u0434\\u0435\\u0440\\u0436\\u0430\\u043d\\u0438\\u0435 \\u043f\\u043e\\u0441\\u0442\\u0430\"]}}]"
  }
},
{
  "model": "admin.logentry",
  "pk": 26,
  "fields": {
    "action_time": "2025-07-25T23:59:05.299Z",
    "user": 1,
    "content_type": 8,
    "object_id": "4",
    "object_repr": "GraphQL vs. REST API: Что выбрать для вашего проекта?",
    "action_flag": 2,
    "change_message": "[{\"changed\": {\"fields\": [\"Slug\", \"\\u0421\\u043e\\u0434\\u0435\\u0440\\u0436\\u0430\\u043d\\u0438\\u0435 \\u043f\\u043e\\u0441\\u0442\\u0430\"]}}]"
  }
},
{
  "model": "admin.logentry",
  "pk": 27,
  "fields": {
    "action_time": "2025-07-26T00:00:03.077Z",
    "user": 1,
    "content_type": 8,
    "object_id": "5",
    "object_repr": "Алгоритмы сортировки: Путь от пузырька до быстрой сортировки",
    "action_flag": 2,
    "change_message": "[{\"changed\": {\"fields\": [\"Slug\", \"\\u0421\\u043e\\u0434\\u0435\\u0440\\u0436\\u0430\\u043d\\u0438\\u0435 \\u043f\\u043e\\u0441\\u0442\\u0430\"]}}]"
  }
},
{
  "model": "admin.logentry",
  "pk": 28,
  "fields": {
    "action_time": "2025-07-26T00:01:26.647Z",
    "user": 1,
    "content_type": 8,
    "object_id": "6",
    "object_repr": "Безопасность веб-приложений: ТОП-10 уязвимостей",
    "action_flag": 2,
    "change_message": "[{\"changed\": {\"fields\": [\"\\u0421\\u043e\\u0434\\u0435\\u0440\\u0436\\u0430\\u043d\\u0438\\u0435 \\u043f\\u043e\\u0441\\u0442\\u0430\"]}}]"
  }
},
{
  "model": "admin.logentry",
  "pk": 29,
  "fields": {
    "action_time": "2025-07-26T00:02:25.407Z",
    "user": 1,
    "content_type": 8,
    "object_id": "7",
    "object_repr": "C++: Дедушка вернулся! Почему он до сих пор в строю?",
    "action_flag": 2,
    "change_message": "[{\"changed\": {\"fields\": [\"Slug\", \"\\u0421\\u043e\\u0434\\u0435\\u0440\\u0436\\u0430\\u043d\\u0438\\u0435 \\u043f\\u043e\\u0441\\u0442\\u0430\"]}}]"
  }
},
{
  "model": "admin.logentry",
  "pk": 30,
  "fields": {
    "action_time": "2025-07-26T00:03:04.961Z",
    "user": 1,
    "content_type": 8,
    "object_id": "8",
    "object_repr": "TCP/IP: Как работает интернет (на самом деле)",
    "action_flag": 2,
    "change_message": "[{\"changed\": {\"fields\": [\"\\u0421\\u043e\\u0434\\u0435\\u0440\\u0436\\u0430\\u043d\\u0438\\u0435 \\u043f\\u043e\\u0441\\u0442\\u0430\"]}}]"
  }
},
{
  "model": "admin.logentry",
  "pk": 31,
  "fields": {
    "action_time": "2025-07-26T00:04:15.642Z",
    "user": 1,
    "content_type": 8,
    "object_id": "9",
    "object_repr": "От перфокарт до нейросетей: Эволюция программирования",
    "action_flag": 2,
    "change_message": "[{\"changed\": {\"fields\": [\"Slug\", \"\\u0421\\u043e\\u0434\\u0435\\u0440\\u0436\\u0430\\u043d\\u0438\\u0435 \\u043f\\u043e\\u0441\\u0442\\u0430\"]}}]"
  }
},
{
  "model": "admin.logentry",
  "pk": 32,
  "fields": {
    "action_time": "2025-07-26T00:05:22.604Z",
    "user": 1,
    "content_type": 8,
    "object_id": "11",
    "object_repr": "Git: Твой верный друг в мире разработки",
    "action_flag": 2,
    "change_message": "[{\"changed\": {\"fields\": [\"\\u0421\\u043e\\u0434\\u0435\\u0440\\u0436\\u0430\\u043d\\u0438\\u0435 \\u043f\\u043e\\u0441\\u0442\\u0430\"]}}]"
  }
},
{
  "model": "admin.logentry",
  "pk": 33,
  "fields": {
    "action_time": "2025-07-26T14:29:29.426Z",
    "user": 1,
    "content_type": 3,
    "object_id": "1",
    "object_repr": "coder-for-poster",
    "action_flag": 1,
    "change_message": "[{\"added\": {}}]"
  }
},
{
  "model": "admin.logentry",
  "pk": 34,
  "fields": {
    "action_time": "2025-07-26T14:29:43.320Z",
    "user": 1,
    "content_type": 9,
    "object_id": "3",
    "object_repr": "Lari",
    "action_flag": 2,
    "change_message": "[{\"changed\": {\"fields\": [\"Groups\"]}}]"
  }
},
{
  "model": "admin.logentry",
  "pk": 35,
  "fields": {
    "action_time": "2025-08-18T11:16:35.057Z",
    "user": 1,
    "content_type": 9,
    "object_id": "1",
    "object_repr": "lublu-coffee",
    "action_flag": 3,
    "change_message": ""
  }
},
{
  "model": "admin.logentry",
  "pk": 36,
  "fields": {
    "action_time": "2025-08-18T11:19:35.930Z",
    "user": 1,
    "content_type": 14,
    "object_id": "4",
    "object_repr": "lublu-coffee",
    "action_flag": 3,
    "change_message": ""
  }
},
{
  "model": "admin.logentry",
  "pk": 37,
  "fields": {
    "action_time": "2025-08-18T22:03:17.364Z",
    "user": 1,
    "content_type": 12,
    "object_id": "28",
    "object_repr": "PostgreSQL",
    "action_flag": 1,
    "change_message": "[{\"added\": {}}]"
  }
},
{
  "model": "admin.logentry",
  "pk": 38,
  "fields": {
    "action_time": "2025-08-18T22:03:32.797Z",
    "user": 1,
    "content_type": 12,
    "object_id": "29",
    "object_repr": "SQLite",
    "action_flag": 1,
    "change_message": "[{\"added\": {}}]"
  }
},
{
  "model": "admin.logentry",
  "pk": 39,
  "fields": {
    "action_time": "2025-08-18T22:03:45.789Z",
    "user": 1,
    "content_type": 12,
    "object_id": "30",
    "object_repr": "MySQL",
    "action_flag": 1,
    "change_message": "[{\"added\": {}}]"
  }
},
{
  "model": "admin.logentry",
  "pk": 40,
  "fields": {
    "action_time": "2025-08-18T22:04:03.228Z",
    "user": 1,
    "content_type": 12,
    "object_id": "31",
    "object_repr": "MS-SQL",
    "action_flag": 1,
    "change_message": "[{\"added\": {}}]"
  }
},
{
  "model": "admin.logentry",
  "pk": 41,
  "fields": {
    "action_time": "2025-08-18T22:04:18.664Z",
    "user": 1,
    "content_type": 12,
    "object_id": "32",
    "object_repr": "Ruby",
    "action_flag": 1,
    "change_message": "[{\"added\": {}}]"
  }
},
{
  "model": "admin.logentry",
  "pk": 42,
  "fields": {
    "action_time": "2025-08-18T22:05:10.625Z",
    "user": 1,
    "content_type": 13,
    "object_id": "14",
    "object_repr": "PostgreSQL: база данных, которая переживёт твой код 🐘💻",
    "action_flag": 2,
    "change_message": "[{\"changed\": {\"fields\": [\"Tags\"]}}]"
  }
},
{
  "model": "admin.logentry",
  "pk": 43,
  "fields": {
    "action_time": "2025-08-20T22:47:47.654Z",
    "user": 1,
    "content_type": 3,
    "object_id": "2",
    "object_repr": "social_auth",
    "action_flag": 1,
    "change_message": "[{\"added\": {}}]"
  }
},
{
  "model": "admin.logentry",
  "pk": 44,
  "fields": {
    "action_time": "2025-08-20T22:48:27.622Z",
    "user": 1,
    "content_type": 3,
    "object_id": "2",
    "object_repr": "social",
    "action_flag": 2,
    "change_message": "[{\"changed\": {\"fields\": [\"Name\"]}}]"
  }
},
{
  "model": "admin.logentry",
  "pk": 45,
  "fields": {
    "action_time": "2025-09-11T22:50:29.830Z",
    "user": 1,
    "content_type": 12,
    "object_id": "33",
    "object_repr": "Redis",
    "action_flag": 1,
    "change_message": "[{\"added\": {}}]"
  }
},
{
  "model": "admin.logentry",
  "pk": 46,
  "fields": {
    "action_time": "2025-09-11T22:50:53.181Z",
    "user": 1,
    "content_type": 12,
    "object_id": "34",
    "object_repr": "RabbitMQ",
    "action_flag": 1,
    "change_message": "[{\"added\": {}}]"
  }
},
{
  "model": "admin.logentry",
  "pk": 47,
  "fields": {
    "action_time": "2025-09-11T22:51:20.592Z",
    "user": 1,
    "content_type": 12,
    "object_id": "35",
    "object_repr": "Kafka",
    "action_flag": 1,
    "change_message": "[{\"added\": {}}]"
  }
},
{
  "model": "admin.logentry",
  "pk": 48,
  "fields": {
    "action_time": "2025-09-11T22:51:37.025Z",
    "user": 1,
    "content_type": 12,
    "object_id": "36",
    "object_repr": "Celery",
    "action_flag": 1,
    "change_message": "[{\"added\": {}}]"
  }
},
{
  "model": "auth.permission",
  "pk": 1,
  "fields": {
    "name": "Can add log entry",
    "content_type": 1,
    "codename": "add_logentry"
  }
},
{
  "model": "auth.permission",
  "pk": 2,
  "fields": {
    "name": "Can change log entry",
    "content_type": 1,
    "codename": "change_logentry"
  }
},
{
  "model": "auth.permission",
  "pk": 3,
  "fields": {
    "name": "Can delete log entry",
    "content_type": 1,
    "codename": "delete_logentry"
  }
},
{
  "model": "auth.permission",
  "pk": 4,
  "fields": {
    "name": "Can view log entry",
    "content_type": 1,
    "codename": "view_logentry"
  }
},
{
  "model": "auth.permission",
  "pk": 5,
  "fields": {
    "name": "Can add permission",
    "content_type": 2,
    "codename": "add_permission"
  }
},
{
  "model": "auth.permission",
  "pk": 6,
  "fields": {
    "name": "Can change permission",
    "content_type": 2,
    "codename": "change_permission"
  }
},
{
  "model": "auth.permission",
  "pk": 7,
  "fields": {
    "name": "Can delete permission",
    "content_type": 2,
    "codename": "delete_permission"
  }
},
{
  "model": "auth.permission",
  "pk": 8,
  "fields": {
    "name": "Can view permission",
    "content_type": 2,
    "codename": "view_permission"
  }
},
{
  "model": "auth.permission",
  "pk": 9,
  "fields": {
    "name": "Can add group",
    "content_type": 3,
    "codename": "add_group"
  }
},
{
  "model": "auth.permission",
  "pk": 10,
  "fields": {
    "name": "Can change group",
    "content_type": 3,
    "codename": "change_group"
  }
},
{
  "model": "auth.permission",
  "pk": 11,
  "fields": {
    "name": "Can delete group",
    "content_type": 3,
    "codename": "delete_group"
  }
},
{
  "model": "auth.permission",
  "pk": 12,
  "fields": {
    "name": "Can view group",
    "content_type": 3,
    "codename": "view_group"
  }
},
{
  "model": "auth.permission",
  "pk": 13,
  "fields": {
    "name": "Can add content type",
    "content_type": 4,
    "codename": "add_contenttype"
  }
},
{
  "model": "auth.permission",
  "pk": 14,
  "fields": {
    "name": "Can change content type",
    "content_type": 4,
    "codename": "change_contenttype"
  }
},
{
  "model": "auth.permission",
  "pk": 15,
  "fields": {
    "name": "Can delete content type",
    "content_type": 4,
    "codename": "delete_contenttype"
  }
},
{
  "model": "auth.permission",
  "pk": 16,
  "fields": {
    "name": "Can view content type",
    "content_type": 4,
    "codename": "view_contenttype"
  }
},
{
  "model": "auth.permission",
  "pk": 17,
  "fields": {
    "name": "Can add session",
    "content_type": 5,
    "codename": "add_session"
  }
},
{
  "model": "auth.permission",
  "pk": 18,
  "fields": {
    "name": "Can change session",
    "content_type": 5,
    "codename": "change_session"
  }
},
{
  "model": "auth.permission",
  "pk": 19,
  "fields": {
    "name": "Can delete session",
    "content_type": 5,
    "codename": "delete_session"
  }
},
{
  "model": "auth.permission",
  "pk": 20,
  "fields": {
    "name": "Can view session",
    "content_type": 5,
    "codename": "view_session"
  }
},
{
  "model": "auth.permission",
  "pk": 21,
  "fields": {
    "name": "Can add association",
    "content_type": 6,
    "codename": "add_association"
  }
},
{
  "model": "auth.permission",
  "pk": 22,
  "fields": {
    "name": "Can change association",
    "content_type": 6,
    "codename": "change_association"
  }
},
{
  "model": "auth.permission",
  "pk": 23,
  "fields": {
    "name": "Can delete association",
    "content_type": 6,
    "codename": "delete_association"
  }
},
{
  "model": "auth.permission",
  "pk": 24,
  "fields": {
    "name": "Can view association",
    "content_type": 6,
    "codename": "view_association"
  }
},
{
  "model": "auth.permission",
  "pk": 25,
  "fields": {
    "name": "Can add code",
    "content_type": 7,
    "codename": "add_code"
  }
},
{
  "model": "auth.permission",
  "pk": 26,
  "fields": {
    "name": "Can change code",
    "content_type": 7,
    "codename": "change_code"
  }
},
{
  "model": "auth.permission",
  "pk": 27,
  "fields": {
    "name": "Can delete code",
    "content_type": 7,
    "codename": "delete_code"
  }
},
{
  "model": "auth.permission",
  "pk": 28,
  "fields": {
    "name": "Can view code",
    "content_type": 7,
    "codename": "view_code"
  }
},
{
  "model": "auth.permission",
  "pk": 29,
  "fields": {
    "name": "Can add nonce",
    "content_type": 8,
    "codename": "add_nonce"
  }
},
{
  "model": "auth.permission",
  "pk": 30,
  "fields": {
    "name": "Can change nonce",
    "content_type": 8,
    "codename": "change_nonce"
  }
},
{
  "model": "auth.permission",
  "pk": 31,
  "fields": {
    "name": "Can delete nonce",
    "content_type": 8,
    "codename": "delete_nonce"
  }
},
{
  "model": "auth.permission",
  "pk": 32,
  "fields": {
    "name": "Can view nonce",
    "content_type": 8,
    "codename": "view_nonce"
  }
},
{
  "model": "auth.permission",
  "pk": 33,
  "fields": {
    "name": "Can add user social auth",
    "content_type": 9,
    "codename": "add_usersocialauth"
  }
},
{
  "model": "auth.permission",
  "pk": 34,
  "fields": {
    "name": "Can change user social auth",
    "content_type": 9,
    "codename": "change_usersocialauth"
  }
},
{
  "model": "auth.permission",
  "pk": 35,
  "fields": {
    "name": "Can delete user social auth",
    "content_type": 9,
    "codename": "delete_usersocialauth"
  }
},
{
  "model": "auth.permission",
  "pk": 36,
  "fields": {
    "name": "Can view user social auth",
    "content_type": 9,
    "codename": "view_usersocialauth"
  }
},
{
  "model": "auth.permission",
  "pk": 37,
  "fields": {
    "name": "Can add partial",
    "content_type": 10,
    "codename": "add_partial"
  }
},
{
  "model": "auth.permission",
  "pk": 38,
  "fields": {
    "name": "Can change partial",
    "content_type": 10,
    "codename": "change_partial"
  }
},
{
  "model": "auth.permission",
  "pk": 39,
  "fields": {
    "name": "Can delete partial",
    "content_type": 10,
    "codename": "delete_partial"
  }
},
{
  "model": "auth.permission",
  "pk": 40,
  "fields": {
    "name": "Can view partial",
    "content_type": 10,
    "codename": "view_partial"
  }
},
{
  "model": "auth.permission",
  "pk": 41,
  "fields": {
    "name": "Can add Категория",
    "content_type": 11,
    "codename": "add_category"
  }
},
{
  "model": "auth.permission",
  "pk": 42,
  "fields": {
    "name": "Can change Категория",
    "content_type": 11,
    "codename": "change_category"
  }
},
{
  "model": "auth.permission",
  "pk": 43,
  "fields": {
    "name": "Can delete Категория",
    "content_type": 11,
    "codename": "delete_category"
  }
},
{
  "model": "auth.permission",
  "pk": 44,
  "fields": {
    "name": "Can view Категория",
    "content_type": 11,
    "codename": "view_category"
  }
},
{
  "model": "auth.permission",
  "pk": 45,
  "fields": {
    "name": "Can add Тег",
    "content_type": 12,
    "codename": "add_tags"
  }
},
{
  "model": "auth.permission",
  "pk": 46,
  "fields": {
    "name": "Can change Тег",
    "content_type": 12,
    "codename": "change_tags"
  }
},
{
  "model": "auth.permission",
  "pk": 47,
  "fields": {
    "name": "Can delete Тег",
    "content_type": 12,
    "codename": "delete_tags"
  }
},
{
  "model": "auth.permission",
  "pk": 48,
  "fields": {
    "name": "Can view Тег",
    "content_type": 12,
    "codename": "view_tags"
  }
},
{
  "model": "auth.permission",
  "pk": 49,
  "fields": {
    "name": "Can add Пост",
    "content_type": 13,
    "codename": "add_post"
  }
},
{
  "model": "auth.permission",
  "pk": 50,
  "fields": {
    "name": "Can change Пост",
    "content_type": 13,
    "codename": "change_post"
  }
},
{
  "model": "auth.permission",
  "pk": 51,
  "fields": {
    "name": "Can delete Пост",
    "content_type": 13,
    "codename": "delete_post"
  }
},
{
  "model": "auth.permission",
  "pk": 52,
  "fields": {
    "name": "Can view Пост",
    "content_type": 13,
    "codename": "view_post"
  }
},
{
  "model": "auth.permission",
  "pk": 53,
  "fields": {
    "name": "Can add Пользователь",
    "content_type": 14,
    "codename": "add_coder"
  }
},
{
  "model": "auth.permission",
  "pk": 54,
  "fields": {
    "name": "Can change Пользователь",
    "content_type": 14,
    "codename": "change_coder"
  }
},
{
  "model": "auth.permission",
  "pk": 55,
  "fields": {
    "name": "Can delete Пользователь",
    "content_type": 14,
    "codename": "delete_coder"
  }
},
{
  "model": "auth.permission",
  "pk": 56,
  "fields": {
    "name": "Can view Пользователь",
    "content_type": 14,
    "codename": "view_coder"
  }
},
{
  "model": "auth.permission",
  "pk": 57,
  "fields": {
    "name": "Can add site",
    "content_type": 15,
    "codename": "add_site"
  }
},
{
  "model": "auth.permission",
  "pk": 58,
  "fields": {
    "name": "Can change site",
    "content_type": 15,
    "codename": "change_site"
  }
},
{
  "model": "auth.permission",
  "pk": 59,
  "fields": {
    "name": "Can delete site",
    "content_type": 15,
    "codename": "delete_site"
  }
},
{
  "model": "auth.permission",
  "pk": 60,
  "fields": {
    "name": "Can view site",
    "content_type": 15,
    "codename": "view_site"
  }
},
{
  "model": "auth.permission",
  "pk": 61,
  "fields": {
    "name": "социальная регистрация",
    "content_type": 14,
    "codename": "social_auth"
  }
},
{
  "model": "auth.group",
  "pk": 1,
  "fields": {
    "name": "coder-for-poster",
    "permissions": [
      49,
      50,
      51,
      52
    ]
  }
},
{
  "model": "auth.group",
  "pk": 2,
  "fields": {
    "name": "social",
    "permissions": [
      61
    ]
  }
},
{
  "model": "sites.site",
  "pk": 1,
  "fields": {
    "domain": "example.com",
    "name": "example.com"
  }
},
{
  "model": "posts.post",
  "pk": 1,
  "fields": {
    "slug": "pochemu-django-do-sih-por-ne-umer",
    "title": "Почему Django до сих пор не умер",
    "description": "Разбираемся, как фреймворк из 2005 года остаётся актуальным в эпоху микросервисов и JavaScript-безумия.",
    "content": "Несмотря на множество новых фреймворков и технологий, Django продолжает оставаться одним из самых популярных инструментов для веб-разработки. Вот несколько причин, почему он не теряет актуальности:\r\n\r\n1. Скорость разработки: Django позволяет быстро создавать прототипы и развивать проекты благодаря своей \"из коробки\" функциональности. Это особенно важно для стартапов, которым нужно быстро выйти на рынок.\r\n\r\n2. Сильное сообщество: У Django есть активное и дружелюбное сообщество, которое постоянно обновляет документацию, создает плагины и делится опытом. Это делает решение проблем и обучение проще.\r\n\r\n3. Безопасность: Django изначально разработан с акцентом на безопасность. Он включает встроенные средства защиты от распространенных уязвимостей, таких как SQL-инъекции и XSS-атаки.\r\n\r\n4. Масштабируемость: Хотя Django идеально подходит для небольших проектов, он также способен справляться с крупными приложениями. Многие известные сайты, такие как Instagram и Pinterest, используют его.\r\n\r\n5. Гибкость: Django можно легко адаптировать под различные потребности — от простых блогов до сложных систем управления контентом и интернет-магазинов.\r\n\r\nТаким образом, Django остается актуальным выбором для разработчиков, которые ценят скорость, безопасность и мощь в своих проектах. Он не только выживает, но и процветает в мире технологий!",
    "image": "/posts_image/django-python.jpg",
    "data_create": "2025-07-24T00:00:00Z",
    "data_update": "2025-07-26T00:00:00Z",
    "status": "approved",
    "moderator_comment": "",
    "category": 1,
    "coder": 1,
    "tags": [
      1,
      2
    ]
  }
},
{
  "model": "posts.post",
  "pk": 2,
  "fields": {
    "slug": "react-vs-vue-js-bitva-titanov-frontend-razrabotki",
    "title": "React vs. Vue.js: Битва титанов Frontend разработки",
    "description": "Какой фреймворк выбрать для создания интерактивного интерфейса?",
    "content": "В мире JavaScript фреймворков выбор инструмента для разработки интерактивного интерфейса может стать настоящей головоломкой. Два гиганта - React и Vue.js - постоянно соперничают за сердца и умы разработчиков. Какой же из них лучше подойдет для вашего проекта?\r\n\r\nReact: Мощь и гибкость\r\n\r\nReact, разработанный Facebook, - это не просто фреймворк, а целая библиотека JavaScript для создания пользовательских интерфейсов. Его ключевые особенности:\r\n\r\n•  Компонентный подход: UI строится из переиспользуемых компонентов, что упрощает разработку и поддержку сложных приложений.\r\n•  JSX: React использует JSX - расширение синтаксиса JavaScript, позволяющее писать HTML-подобный код прямо в JavaScript. Это делает код более читаемым и удобным в работе.\r\n•  Virtual DOM: React использует виртуальный DOM для оптимизации процесса обновления интерфейса, что повышает производительность.\r\n•  Огромная экосистема: React имеет огромное сообщество и множество готовых библиотек и инструментов, что позволяет решать практически любые задачи.\r\n\r\nVue.js: Простота и элегантность\r\n\r\nVue.js - это прогрессивный JavaScript фреймворк, созданный Эваном Ю. Он отличается своей простотой и легкостью в изучении.\r\n\r\n•  Легкость в освоении: Vue.js имеет более простой и интуитивно понятный синтаксис, чем React. Это делает его отличным выбором для начинающих разработчиков.\r\n•  Прогрессивный фреймворк: Vue.js можно использовать как для создания простых интерфейсов, так и для разработки сложных одностраничных приложений.\r\n•  Отличная документация: Vue.js имеет подробную и понятную документацию, что облегчает процесс обучения и решения проблем.\r\n•  Гибкость: Vue.js позволяет использовать как компонентный подход, так и более традиционные методы разработки.\r\n\r\nЧто выбрать?\r\n\r\nВыбор между React и Vue.js зависит от ваших личных предпочтений и требований проекта.\r\n\r\n•  React подойдет, если:\r\n  •  Вам нужна высокая производительность и масштабируемость.\r\n  •  Вы работаете над крупным и сложным проектом.\r\n  •  Вам нужна большая экосистема и поддержка сообщества.\r\n•  Vue.js подойдет, если:\r\n  •  Вы только начинаете изучать frontend разработку.\r\n  •  Вам нужен простой и легкий в использовании инструмент.\r\n  •  Вы работаете над небольшим или средним проектом.\r\n\r\nВ конечном итоге, лучший способ определиться с выбором - попробовать оба фреймворка и оценить их преимущества и недостатки на практике.",
    "image": "/posts_image/react_js_vs_vie.jpg",
    "data_create": "2025-07-24T00:00:00Z",
    "data_update": "2025-07-26T00:00:00Z",
    "status": "approved",
    "moderator_comment": "",
    "category": 2,
    "coder": 1,
    "tags": [
      4,
      6,
      7,
      8,
      9
    ]
  }
},
{
  "model": "posts.post",
  "pk": 3,
  "fields": {
    "slug": "docker-dlya-chaynikov-konteynerizatsiya-veb-prilozheniy",
    "title": "Docker для чайников: Контейнеризация веб-приложений",
    "description": "Узнайте, как Docker упрощает развертывание и масштабирование веб-приложений.",
    "content": "В современном мире разработки веб-приложений, Docker стал неотъемлемым инструментом для упрощения процесса развертывания и масштабирования. Но что такое Docker, и как он работает? Представьте себе, что ваш веб-проект - это сложная головоломка, состоящая из множества частей: код, библиотеки, зависимости, настройки. Docker позволяет упаковать все эти части в один контейнер, который можно легко перенести и запустить на любой системе, поддерживающей Docker.\r\n\r\nЧто такое Docker?\r\n\r\nDocker - это платформа для контейнеризации приложений, которая позволяет создавать, развертывать и запускать приложения в изолированных контейнерах. Контейнер - это легковесная и переносимая единица, которая содержит все необходимое для запуска приложения: код, библиотеки, зависимости, системные инструменты и настройки.\r\n\r\nЗачем нужен Docker?\r\n\r\n•  Изоляция: Контейнеры изолированы друг от друга и от основной системы, что обеспечивает безопасность и стабильность. Если в одном контейнере произойдет сбой, это не повлияет на другие контейнеры или на основную систему.\r\n•  Переносимость: Контейнеры можно запускать на любой системе, поддерживающей Docker, будь то ваш локальный компьютер, сервер в облаке или виртуальная машина.\r\n•  Масштабируемость: Docker позволяет легко масштабировать приложения, запуская несколько контейнеров с одним и тем же приложением.\r\n•  Упрощение развертывания: Docker упрощает процесс развертывания приложений, позволяя автоматизировать сборку, тестирование и развертывание.\r\n•  Управление версиями: Docker позволяет легко управлять версиями приложений, создавая образы с различными версиями и развертывая нужную версию в контейнере.\r\n\r\nКак работает Docker?\r\n\r\n1. Dockerfile: Вы создаете файл Dockerfile, который содержит инструкции по сборке образа Docker. В этом файле указывается базовая операционная система, необходимые библиотеки и зависимости, а также команды для запуска приложения.\r\n2. Образ Docker: На основе Dockerfile создается образ Docker. Образ - это шаблон для создания контейнеров. Он содержит все необходимое для запуска приложения.\r\n3. Контейнер Docker: На основе образа Docker создается контейнер Docker. Контейнер - это запущенный экземпляр образа. В контейнере запускается ваше приложение.\r\n\r\nПример использования Docker для веб-приложения:\r\n\r\n1. Создайте Dockerfile, в котором укажите базовый образ (например, Python), установите необходимые библиотеки и зависимости (например, Django), скопируйте код вашего приложения и укажите команду для запуска веб-сервера.\r\n2. Соберите образ Docker на основе Dockerfile.\r\n3. Запустите контейнер Docker на основе созданного образа.\r\n\r\nЗаключение\r\n\r\nDocker - это мощный инструмент, который значительно упрощает процесс разработки и развертывания веб-приложений. Он позволяет создавать переносимые, масштабируемые и безопасные приложения, которые можно легко запускать на любой системе. Если вы еще не используете Docker, то обязательно попробуйте его!",
    "image": "/posts_image/docker.jpg",
    "data_create": "2025-07-24T00:00:00Z",
    "data_update": "2025-07-26T00:00:00Z",
    "status": "approved",
    "moderator_comment": "",
    "category": 5,
    "coder": 3,
    "tags": [
      12
    ]
  }
},
{
  "model": "posts.post",
  "pk": 4,
  "fields": {
    "slug": "graphql-vs-rest-api-chto-vybrat-dlya-vashego-proekta",
    "title": "GraphQL vs. REST API: Что выбрать для вашего проекта?",
    "description": "Сравниваем подходы к созданию API: гибкий GraphQL и традиционный REST.",
    "content": "В мире веб-разработки API (Application Programming Interface) играют ключевую роль в обеспечении взаимодействия между различными частями системы. Два основных подхода к созданию API - это REST (Representational State Transfer) и GraphQL. Оба имеют свои преимущества и недостатки, и выбор между ними зависит от конкретных требований проекта.\r\n\r\nREST API: Традиционный подход\r\n\r\nREST API - это архитектурный стиль для создания веб-сервисов, который использует HTTP-методы (GET, POST, PUT, DELETE) для доступа к ресурсам. REST API основан на следующих принципах:\r\n\r\n•  Клиент-серверная архитектура: Клиент и сервер работают независимо друг от друга.\r\n•  Отсутствие состояния (Stateless): Сервер не хранит информацию о состоянии клиента между запросами.\r\n•  Кэшируемость: Ответы сервера могут быть кэшированы клиентом.\r\n•  Единообразный интерфейс: Все ресурсы доступны через единообразный интерфейс, основанный на HTTP-методах и URI.\r\n\r\nПреимущества REST API:\r\n\r\n•  Простота: REST API легко понять и использовать.\r\n•  Стандартизация: REST API основан на общепринятых стандартах HTTP.\r\n•  Широкая поддержка: Существует множество инструментов и библиотек для работы с REST API.\r\n\r\nНедостатки REST API:\r\n\r\n•  Over-fetching: Клиент получает больше данных, чем ему нужно.\r\n•  Under-fetching: Клиенту требуется выполнить несколько запросов для получения всех необходимых данных.\r\n•  Сложность изменения API: Изменение API может потребовать изменения на стороне клиента.\r\n\r\nGraphQL: Гибкий и эффективный подход\r\n\r\nGraphQL - это язык запросов для API, который позволяет клиенту запрашивать только те данные, которые ему нужны. GraphQL был разработан Facebook и стал популярным благодаря своей гибкости и эффективности.\r\n\r\nПреимущества GraphQL:\r\n\r\n•  Точное получение данных: Клиент получает только те данные, которые он запросил.\r\n•  Уменьшение количества запросов: Клиенту требуется выполнить меньше запросов для получения всех необходимых данных.\r\n•  Удобство для разработчиков: GraphQL предоставляет удобный способ описания API и выполнения запросов.\r\n•  Самодокументируемость: GraphQL API может быть автоматически документирован.\r\n\r\nНедостатки GraphQL:\r\n\r\n•  Сложность реализации: GraphQL требует больше усилий для реализации, чем REST API.\r\n•  Сложность кэширования: Кэширование GraphQL API может быть сложнее, чем кэширование REST API.\r\n•  Производительность: В некоторых случаях GraphQL может быть менее производительным, чем REST API.\r\n\r\nЧто выбрать?\r\n\r\nВыбор между GraphQL и REST API зависит от требований вашего проекта:\r\n\r\n•  REST API подойдет, если:\r\n  •  Вам нужен простой и понятный API.\r\n  •  У вас небольшое количество клиентов.\r\n  •  Вы не требуете высокой гибкости и производительности.\r\n•  GraphQL подойдет, если:\r\n  •  Вам нужна высокая гибкость и производительность.\r\n  •  У вас большое количество клиентов с разными требованиями к данным.\r\n  •  Вы хотите уменьшить количество запросов к серверу.\r\n\r\nВ конечном итоге, выбор между GraphQL и REST API - это компромисс между простотой, гибкостью и производительностью. Важно тщательно проанализировать требования вашего проекта, чтобы сделать правильный выбор.",
    "image": "/posts_image/api.jpg",
    "data_create": "2025-07-24T00:00:00Z",
    "data_update": "2025-07-26T00:00:00Z",
    "status": "approved",
    "moderator_comment": "",
    "category": 1,
    "coder": 3,
    "tags": [
      10,
      11
    ]
  }
},
{
  "model": "posts.post",
  "pk": 5,
  "fields": {
    "slug": "algoritmy-sortirovki-put-ot-puzyrka-do-bystroy-sortirovki",
    "title": "Алгоритмы сортировки: Путь от пузырька до быстрой сортировки",
    "description": "Обзор основных алгоритмов сортировки и их сравнение по эффективности.",
    "content": "Сортировка данных – одна из фундаментальных задач в информатике. От организации списков контактов до оптимизации работы баз данных, алгоритмы сортировки играют ключевую роль в эффективности и быстродействии многих приложений. Давайте совершим небольшое путешествие по миру сортировок, начиная с самых простых и заканчивая более продвинутыми техниками.\r\n\r\nПузырьковая сортировка (Bubble Sort): Просто, но медленно\r\n\r\nЭтот алгоритм, пожалуй, самый простой в понимании и реализации. Он работает, многократно проходя по списку, сравнивая соседние элементы и меняя их местами, если они находятся в неправильном порядке. Более крупные элементы \"всплывают\" к концу списка, как пузырьки в воде.\r\n\r\n•  Преимущества: Простота реализации.\r\n•  Недостатки: Крайне неэффективен для больших объемов данных. Временная сложность в худшем и среднем случаях — O(n²).\r\n\r\nСортировка выбором (Selection Sort): Чуть лучше, но все еще не идеал\r\n\r\nСортировка выбором находит минимальный элемент в неотсортированной части списка и меняет его местами с первым элементом этой части. Этот процесс повторяется до тех пор, пока весь список не будет отсортирован.\r\n\r\n•  Преимущества: Простота реализации, меньше обменов, чем в пузырьковой сортировке.\r\n•  Недостатки: Временная сложность в любом случае — O(n²).\r\n\r\nСортировка вставками (Insertion Sort): Хороша для небольших списков и почти отсортированных данных\r\n\r\nЭтот алгоритм строит отсортированный список, постепенно добавляя элементы из неотсортированной части в правильное место в отсортированной части. Он похож на то, как люди сортируют карты в руке.\r\n\r\n•  Преимущества: Простота реализации, эффективна для небольших списков и почти отсортированных данных. В лучшем случае временная сложность — O(n).\r\n•  Недостатки: Временная сложность в худшем и среднем случаях — O(n²).\r\n\r\nСортировка слиянием (Merge Sort): Разделяй и властвуй!\r\n\r\nСортировка слиянием использует принцип \"разделяй и властвуй\". Список делится на более мелкие подсписки, каждый из которых сортируется, а затем отсортированные подсписки сливаются в один отсортированный список.\r\n\r\n•  Преимущества: Эффективна для больших объемов данных. Временная сложность — O(n log n).\r\n•  Недостатки: Требует дополнительной памяти для хранения подсписков.\r\n\r\nБыстрая сортировка (Quick Sort): Король скорости\r\n\r\nБыстрая сортировка, как и сортировка слиянием, использует принцип \"разделяй и властвуй\". Она выбирает опорный элемент и разделяет список на две части: элементы меньше опорного и элементы больше опорного. Затем рекурсивно сортирует эти части.\r\n\r\n•  Преимущества: Очень эффективна в среднем случае. Временная сложность в среднем случае — O(n log n).\r\n•  Недостатки: В худшем случае временная сложность — O(n²). Требует аккуратной реализации для избежания проблем с производительностью.\r\n\r\nЗаключение\r\n\r\nВыбор алгоритма сортировки зависит от конкретной задачи и характеристик данных. Для небольших списков или почти отсортированных данных подойдут простые алгоритмы, такие как сортировка вставками. Для больших объемов данных лучше использовать более эффективные алгоритмы, такие как сортировка слиянием или быстрая сортировка. Понимание основ каждого алгоритма поможет вам сделать осознанный выбор и оптимизировать работу ваших приложений.",
    "image": "/posts_image/algoritm.png",
    "data_create": "2025-07-24T00:00:00Z",
    "data_update": "2025-07-26T00:00:00Z",
    "status": "approved",
    "moderator_comment": "",
    "category": 12,
    "coder": 3,
    "tags": [
      16
    ]
  }
},
{
  "model": "posts.post",
  "pk": 6,
  "fields": {
    "slug": "bezopasnost-veb-prilozheniy-top-10-uyazvimostey",
    "title": "Безопасность веб-приложений: ТОП-10 уязвимостей",
    "description": "Узнайте о наиболее распространенных уязвимостях веб-приложений и способах защиты от них.",
    "content": "Безопасность веб-приложений – это критически важная тема для каждого разработчика. Защита данных пользователей, предотвращение финансовых потерь и поддержание репутации компании зависят от грамотного подхода к обеспечению безопасности. Давайте рассмотрим 10 наиболее распространенных уязвимостей, которые следует учитывать при разработке веб-приложений:\r\n\r\n1. Инъекции (Injection): Злоумышленник вставляет вредоносный код (например, SQL, OS command injection) в приложение, что позволяет ему получить доступ к базе данных, выполнить команды на сервере или скомпрометировать систему. Защита: Используйте параметризованные запросы, экранирование ввода, минимизируйте привилегии пользователя БД.\r\n2. Некорректная аутентификация (Broken Authentication): Уязвимости, связанные с аутентификацией и управлением сессиями, позволяют злоумышленникам получить доступ к учетным записям других пользователей, использовать сессии, либо обходить аутентификацию. Защита: Используйте многофакторную аутентификацию, надежные алгоритмы хэширования паролей, управляйте сессиями должным образом.\r\n3. Межсайтовый скриптинг (Cross-Site Scripting - XSS): Злоумышленник внедряет вредоносный JavaScript-код в веб-страницу, который выполняется в браузере других пользователей, позволяя украсть cookie, перенаправить пользователей на вредоносные сайты или изменить содержимое страницы. Защита: Экранируйте вывод данных, предоставленных пользователем, используйте Content Security Policy (CSP).\r\n4. Небезопасные прямые ссылки на объекты (Insecure Direct Object References): Злоумышленник может напрямую ссылаться на внутренние объекты приложения (файлы, базы данных), обходя проверку авторизации. Защита: Используйте косвенные ссылки, проверяйте авторизацию перед доступом к объектам.\r\n5. Некорректная конфигурация безопасности (Security Misconfiguration): Неправильно настроенные серверы, приложения или базы данных могут быть уязвимы для атак. Защита: Установите безопасные значения по умолчанию, регулярно обновляйте программное обеспечение, отключайте ненужные функции.\r\n6. Уязвимые и устаревшие компоненты (Vulnerable and Outdated Components): Использование библиотек, фреймворков и других компонентов с известными уязвимостями может открыть дверь для атак. Защита: Регулярно обновляйте все компоненты, следите за новостями о безопасности.\r\n7. Недостаточная идентификация и мониторинг (Insufficient Logging & Monitoring): Недостаточное логирование и мониторинг затрудняют обнаружение и реагирование на атаки. Защита: Внедрите логирование, мониторинг, оповещения о подозрительных действиях.\r\n8. Подделка межсайтовых запросов (Cross-Site Request Forgery - CSRF): Злоумышленник заставляет браузер пользователя выполнить нежелательные действия на веб-сайте, на котором пользователь аутентифицирован. Защита: Используйте CSRF-токены, проверяйте Referer заголовок.\r\n9. Использование компонентов с известными уязвимостями (Using Components with Known Vulnerabilities): Подключая библиотеки или модули, содержащие уязвимости, вы подвергаете риску все приложение.\r\nЗащита: Обновляйте зависимости, используйте инструменты для проверки безопасности зависимостей.\r\n\r\n10. Недостаточная защита от DDoS-атак (Insufficient DDoS Protection): Если приложение становится недоступным из-за большого количества запросов.\r\nЗащита: Используйте CDN, брандмауэры, лимитируйте количество запросов с одного IP-адреса.\r\n\r\nОбеспечение безопасности веб-приложений - это непрерывный процесс, требующий внимания к деталям и постоянного обновления знаний. Регулярное тестирование на проникновение, анализ кода и следование лучшим практикам помогут вам защитить ваши приложения от атак и сохранить данные пользователей в безопасности.",
    "image": "/posts_image/kiberbez.jpg",
    "data_create": "2025-07-24T00:00:00Z",
    "data_update": "2025-07-26T00:00:00Z",
    "status": "approved",
    "moderator_comment": "",
    "category": 11,
    "coder": 1,
    "tags": [
      7,
      17
    ]
  }
},
{
  "model": "posts.post",
  "pk": 7,
  "fields": {
    "slug": "c-dedushka-vernulsya-pochemu-on-do-sih-por-v-stroyu",
    "title": "C++: Дедушка вернулся! Почему он до сих пор в строю?",
    "description": "Разбираемся, почему C++ остается востребованным в 2024 году, несмотря на появление новых языков.",
    "content": "В мире стремительно развивающихся технологий, где каждый год появляются новые языки программирования, C++ может показаться \"динозавром\" из прошлого. Однако, вопреки мнению скептиков, этот \"дедушка\" программирования не только не собирается на покой, но и уверенно держит свои позиции, оставаясь востребованным в самых разных областях.\r\n\r\nПочему C++ до сих пор жив?\r\n\r\n1. Производительность: C++ предоставляет низкоуровневый доступ к аппаратным ресурсам, позволяя разработчикам оптимизировать код для достижения максимальной производительности. Это делает его идеальным выбором для приложений, требующих высокой скорости работы, таких как игры, операционные системы и высокопроизводительные вычисления.\r\n\r\n2. Контроль: В отличие от многих современных языков, C++ дает разработчикам полный контроль над управлением памятью и другими системными ресурсами. Это позволяет создавать более эффективный и надежный код, хотя и требует большей ответственности.\r\n\r\n3. Большое наследие: За десятилетия своего существования C++ накопил огромное количество библиотек и фреймворков, которые позволяют решать широкий спектр задач. Многие из этих библиотек тщательно оптимизированы и проверены временем.\r\n\r\n4. Совместимость: C++ обладает отличной совместимостью с языком C, что позволяет использовать старый код C в новых проектах C++.\r\n\r\n5. Образование и стандарты: C++ остается важной частью образовательных программ в области информатики, а его стандарты постоянно обновляются и улучшаются, что свидетельствует о его продолжающейся актуальности.\r\n\r\nГде C++ до сих пор востребован?\r\n\r\n•  Разработка игр: Многие популярные игры разрабатываются на C++ из-за его производительности и контроля над аппаратными ресурсами.\r\n•  Операционные системы: Ядро операционных систем, таких как Windows, Linux и macOS, написано на C++.\r\n•  Встраиваемые системы: C++ используется в разработке встраиваемых систем, таких как автомобильные компьютеры, медицинское оборудование и промышленная автоматика.\r\n•  Высокопроизводительные вычисления (HPC): C++ применяется в научных исследованиях, финансовых моделях и других областях, требующих высокой вычислительной мощности.\r\n•  Разработка баз данных: Многие популярные системы управления базами данных (СУБД) написаны на C++.\r\n•  Разработка драйверов устройств: Для написания драйверов устройств, которые напрямую взаимодействуют с аппаратным обеспечением, часто используется C++.\r\n\r\nЗаключение:\r\n\r\nC++ - это язык программирования с богатой историей и проверенной временем надежностью. Он остается востребованным благодаря своей производительности, контролю и широкому набору инструментов. Хотя C++ может показаться сложным для начинающих, его изучение может открыть двери к разработке высокопроизводительных приложений и пониманию низкоуровневых аспектов работы компьютера. C++ - это не просто \"дедушка\", а скорее \"классика\", которая всегда будет актуальна.",
    "image": "/posts_image/c++.jpg",
    "data_create": "2025-07-25T00:00:00Z",
    "data_update": "2025-07-26T00:00:00Z",
    "status": "approved",
    "moderator_comment": "",
    "category": 1,
    "coder": 1,
    "tags": [
      16,
      18,
      27
    ]
  }
},
{
  "model": "posts.post",
  "pk": 8,
  "fields": {
    "slug": "tcpip-kak-rabotaet-internet-na-samom-dele",
    "title": "TCP/IP: Как работает интернет (на самом деле)",
    "description": "Полное руководство по протоколу TCP/IP: от адресации до установления соединения.",
    "content": "Каждый раз, когда вы открываете веб-страницу, отправляете электронное письмо или смотрите видео онлайн, вы используете Интернет. Но задумывались ли вы, как на самом деле работает эта глобальная сеть? В основе всего лежит набор правил и протоколов, известный как TCP/IP.\r\n\r\nЧто такое TCP/IP?\r\n\r\nTCP/IP (Transmission Control Protocol/Internet Protocol) - это набор протоколов, определяющих, как данные передаются между компьютерами в сети, в том числе в Интернете. Это своего рода \"язык\", на котором говорят все устройства, подключенные к сети.\r\n\r\nМодель TCP/IP: Уровни взаимодействия\r\n\r\nМодель TCP/IP состоит из нескольких уровней, каждый из которых выполняет определенную функцию:\r\n\r\n1. Уровень физического доступа (Link Layer): Отвечает за передачу данных по физической среде, такой как Ethernet, Wi-Fi или Bluetooth. Он определяет, как данные преобразуются в электрические сигналы или радиоволны и передаются по проводам или в эфире.\r\n2. Сетевой уровень (Internet Layer): Отвечает за маршрутизацию данных между различными сетями. Главный протокол этого уровня - IP (Internet Protocol), который определяет адресацию устройств в сети (IP-адреса) и маршруты передачи данных.\r\n3. Транспортный уровень (Transport Layer): Обеспечивает надежную передачу данных между приложениями. Два основных протокола этого уровня - TCP (Transmission Control Protocol) и UDP (User Datagram Protocol). TCP обеспечивает установление соединения, надежную передачу данных с контролем ошибок и повторной отправкой, а UDP - быструю передачу данных без гарантии доставки.\r\n4. Прикладной уровень (Application Layer): Предоставляет интерфейс для работы приложений с сетью. Протоколы этого уровня, такие как HTTP (для просмотра веб-страниц), SMTP (для отправки электронной почты) и FTP (для передачи файлов), определяют, как приложения обмениваются данными.\r\n\r\nКак данные путешествуют по сети?\r\n\r\n1. Разбиение данных на пакеты: При отправке данных приложение разбивает их на небольшие пакеты.\r\n2. Добавление заголовков: К каждому пакету добавляются заголовки, содержащие информацию об адресе отправителя и получателя, порядковом номере пакета и другие служебные данные.\r\n3. Маршрутизация: Пакеты передаются от одного маршрутизатора к другому, пока не достигнут адресата. Маршрутизаторы анализируют IP-адреса в заголовках пакетов и определяют оптимальный путь для их доставки.\r\n4. Сборка пакетов: На стороне получателя пакеты собираются в исходное сообщение.\r\n5. Проверка ошибок: Если при передаче данных произошли ошибки, TCP обнаруживает их и запрашивает повторную отправку поврежденных пакетов.\r\n\r\nПочему TCP/IP важен?\r\n\r\nTCP/IP - это основа современного Интернета. Без него не было бы возможности общаться, делиться информацией и пользоваться бесчисленными онлайн-сервисами. Понимание принципов работы TCP/IP необходимо для любого, кто занимается разработкой веб-приложений, сетевым администрированием или просто хочет лучше понимать, как работает Интернет.\r\n\r\nИзучение TCP/IP - это погружение в мир сетевых технологий, открывающее новые возможности для создания инновационных и эффективных решений.",
    "image": "/posts_image/tcp-ip.jpg",
    "data_create": "2025-07-25T00:00:00Z",
    "data_update": "2025-07-26T00:00:00Z",
    "status": "approved",
    "moderator_comment": "",
    "category": 17,
    "coder": 1,
    "tags": [
      17,
      19
    ]
  }
},
{
  "model": "posts.post",
  "pk": 9,
  "fields": {
    "slug": "ot-perfokart-do-neyrosetey-evolyutsiya-programmirovaniya",
    "title": "От перфокарт до нейросетей: Эволюция программирования",
    "description": "Путешествие во времени: как программировали в прошлом и что нас ждет в будущем?",
    "content": "История программирования — это захватывающее путешествие от громоздких машин и сложных перфокарт до изящных языков и мощных нейронных сетей. Эта эволюция не только изменила способ создания программ, но и повлияла на все сферы нашей жизни, от науки и бизнеса до искусства и развлечений.\r\n\r\nПерфокарты: Начало пути\r\n\r\nПервые программисты использовали перфокарты — картонные носители информации, на которых отверстия представляли инструкции для компьютера. Этот метод требовал огромного труда и внимания к деталям. Каждая ошибка приводила к переделке целой перфокарты.\r\n\r\n•  Эпоха: Середина XX века (1940-е — 1960-е годы).\r\n•  Языки: Машинный код, Ассемблер.\r\n•  Особенности: Низкий уровень абстракции, прямая работа с аппаратным обеспечением.\r\n\r\nПервые языки высокого уровня: Fortran и COBOL\r\n\r\nС развитием компьютеров возникла потребность в языках программирования, более понятных человеку. Fortran, созданный для научных вычислений, и COBOL, предназначенный для бизнеса, стали первыми языками высокого уровня. Они позволили программистам оперировать более абстрактными понятиями, что упростило процесс разработки.\r\n\r\n•  Эпоха: 1950-е годы.\r\n•  Языки: Fortran, COBOL, Lisp.\r\n•  Особенности: Повышение уровня абстракции, упрощение процесса разработки, появление первых компиляторов.\r\n\r\nСтруктурное программирование и C:\r\n\r\nВ 1960-х и 1970-х годах появилась концепция структурного программирования, которая способствовала созданию более читаемого и поддерживаемого кода. Язык C, разработанный для создания операционной системы UNIX, стал символом этой эпохи.\r\n\r\n•  Эпоха: 1960-е — 1970-е годы.\r\n•  Языки: C, Pascal.\r\n•  Особенности: Структурный подход, модульность, переносимость кода.\r\n\r\nОбъектно-ориентированное программирование (ООП): C++, Java и Python\r\n\r\nООП произвело революцию в программировании, предложив способ организации кода в виде объектов, которые сочетают в себе данные и методы для их обработки. C++, Java и Python стали популярными языками ООП, которые используются для разработки широкого спектра приложений.\r\n\r\n•  Эпоха: 1980-е годы — настоящее время.\r\n•  Языки: C++, Java, Python, C#.\r\n•  Особенности: Инкапсуляция, наследование, полиморфизм, модульность, повторное использование кода.\r\n\r\nВеб-разработка и JavaScript:\r\n\r\nС появлением Интернета веб-разработка стала одной из самых востребованных областей программирования. JavaScript, язык, изначально предназначенный для добавления интерактивности на веб-страницы, стал одним из самых популярных языков в мире.\r\n\r\n•  Эпоха: 1990-е годы — настоящее время.\r\n•  Языки: JavaScript, HTML, CSS, PHP, Ruby on Rails.\r\n•  Особенности: Разработка веб-приложений, интерактивность, динамический контент, клиент-серверная архитектура.\r\n\r\nМобильная разработка: Swift и Kotlin\r\n\r\nС распространением смартфонов возникла потребность в языках программирования для разработки мобильных приложений. Swift и Kotlin стали популярными языками для разработки приложений для iOS и Android соответственно.\r\n\r\n•  Эпоха: 2000-е годы — настоящее время.\r\n•  Языки: Swift, Kotlin.\r\n•  Особенности: Разработка мобильных приложений, сенсорный интерфейс, работа с аппаратным обеспечением мобильных устройств.\r\n\r\nИскусственный интеллект и нейросети: Python и TensorFlow\r\n\r\nВ последние годы искусственный интеллект (AI) и машинное обучение (ML) стали одними из самых быстроразвивающихся областей программирования. Python, благодаря своей простоте и большому количеству библиотек для AI и ML, стал одним из самых популярных языков для разработки нейронных сетей и других AI-приложений.\r\n\r\n•  Эпоха: 2010-е годы — настоящее время.\r\n•  Языки: Python, R, TensorFlow, PyTorch.\r\n•  Особенности: Машинное обучение, нейронные сети, анализ данных, автоматизация задач.\r\n\r\nЗаключение:\r\n\r\nЭволюция программирования — это непрерывный процесс, который продолжается и сегодня. От перфокарт до нейросетей программирование прошло долгий путь, и нет сомнений, что в будущем нас ждут еще более захватывающие открытия и инновации.\r\n\r\nУзнайте, как программировали наши предки и какие вызовы стоят перед нами сегодня!",
    "image": "/posts_image/start_proga.jpg",
    "data_create": "2025-07-25T00:00:00Z",
    "data_update": "2025-07-26T00:00:00Z",
    "status": "approved",
    "moderator_comment": "",
    "category": 8,
    "coder": 3,
    "tags": [
      20
    ]
  }
},
{
  "model": "posts.post",
  "pk": 10,
  "fields": {
    "slug": "python-pochemu-ego-nenavidyat",
    "title": "Python: Почему его ненавидят?!",
    "description": "Разбираемся в причинах негативного отношения к Python, несмотря на его популярность.",
    "content": "Python — один из самых популярных языков программирования в мире, используемый в веб-разработке, анализе данных, машинном обучении и многом другом. Однако, несмотря на свою популярность и множество преимуществ, у Python есть и свои критики. В этой статье рассмотрим основные причины, по которым некоторые разработчики могут испытывать неприязнь к этому языку.\r\n\r\n▎1. Производительность\r\n\r\nОдной из самых распространённых жалоб на Python является его скорость выполнения. Поскольку Python является интерпретируемым языком, он обычно медленнее компилируемых языков, таких как C или Java. Это может стать проблемой для приложений, требующих высокой производительности, таких как игры или системы реального времени.\r\n\r\n▎2. Глобальная блокировка интерпретатора (GIL)\r\n\r\nPython использует механизм глобальной блокировки интерпретатора (GIL), который ограничивает выполнение потоков в многопоточных приложениях. Это означает, что даже на многоядерных процессорах Python не может эффективно использовать все ядра, что может быть разочаровывающим для разработчиков, стремящихся к параллелизму.\r\n\r\n▎3. Сложности с типизацией\r\n\r\nPython — язык с динамической типизацией, что делает его гибким и удобным для быстрого прототипирования. Однако это также может привести к трудностям с отладкой и поддержкой кода, особенно в крупных проектах. Разработчики могут столкнуться с ошибками, которые проявляются только во время выполнения, что усложняет процесс разработки.\r\n\r\n▎4. Проблемы с зависимостями\r\n\r\nУправление зависимостями в Python может быть проблематичным. Разработчики часто сталкиваются с конфликтами версий библиотек и пакетов, особенно в больших проектах. Это может привести к тому, что обновления и поддержка становятся сложными и времязатратными.\r\n\r\n▎5. Синтаксические ограничения\r\n\r\nХотя многие считают синтаксис Python простым и понятным, некоторые разработчики могут считать его слишком строгим. Например, обязательное использование отступов для обозначения блоков кода может вызывать путаницу и ошибки у новичков или тех, кто привык к другим языкам программирования.\r\n\r\n▎Заключение\r\n\r\nНесмотря на свои недостатки, Python продолжает оставаться одним из самых популярных языков программирования благодаря своей простоте, универсальности и широкому сообществу. Тем не менее, важно понимать, что не существует идеального языка — каждый имеет свои плюсы и минусы. Для некоторых проектов и задач Python может быть не лучшим выбором, и это стоит учитывать при выборе технологии.",
    "image": "/posts_image/python_lii.jpg",
    "data_create": "2025-07-25T00:00:00Z",
    "data_update": "2025-07-26T11:17:40.037Z",
    "status": "approved",
    "moderator_comment": "",
    "category": 1,
    "coder": 1,
    "tags": [
      1,
      27
    ]
  }
},
{
  "model": "posts.post",
  "pk": 11,
  "fields": {
    "slug": "git-tvoy-vernyy-drug-v-mire-razrabotki",
    "title": "Git: Твой верный друг в мире разработки",
    "description": "Освой Git: от основ до продвинутых техник контроля версий.",
    "content": "В огромном и постоянно меняющемся мире разработки программного обеспечения, Git – это как надежный компас и карта, помогающие ориентироваться в сложном лабиринте кода, команд и изменений. Это не просто инструмент, это верный друг каждого разработчика, который ценит порядок, контроль и возможность сотрудничества.\r\n\r\nЧто такое Git?\r\n\r\nGit – это распределенная система контроля версий (VCS), которая позволяет отслеживать изменения в файлах и папках, а также координировать работу нескольких разработчиков над одним проектом.\r\n\r\nПочему Git так важен?\r\n\r\n1. Контроль версий: Git позволяет отслеживать все изменения в коде, начиная с самых первых строк и заканчивая последними исправлениями. Вы всегда можете вернуться к предыдущей версии файла или всего проекта, чтобы исправить ошибку или восстановить утраченную информацию.\r\n2. Совместная работа: Git облегчает совместную работу над проектами, позволяя нескольким разработчикам одновременно вносить изменения в код, а затем объединять их в единое целое.\r\n3. Ветвление и слияние: Git позволяет создавать отдельные ветки разработки, в которых можно экспериментировать с новыми функциями или исправлять ошибки, не затрагивая основной код. Затем эти ветки можно легко объединить с основным кодом (слить).\r\n4. Резервное копирование: Git предоставляет возможность создавать резервные копии кода на удаленных серверах (например, GitHub, GitLab, Bitbucket), что защищает от потери данных в случае сбоя локального компьютера.\r\n5. История изменений: Git позволяет просматривать историю изменений кода, узнавать, кто, когда и зачем внес определенные изменения. Это помогает понимать логику развития проекта и быстро находить причины возникновения ошибок.\r\n\r\nОсновные команды Git:\r\n\r\n•  git init: Создает новый Git-репозиторий в текущей папке.\r\n•  git add: Добавляет файлы в индекс (staging area), готовя их к фиксации.\r\n•  git commit: Фиксирует изменения в локальном репозитории, создавая снимок текущего состояния кода.\r\n•  git push: Отправляет изменения из локального репозитория на удаленный сервер.\r\n•  git pull: Получает изменения с удаленного сервера и объединяет их с локальным кодом.\r\n•  git branch: Управляет ветками разработки (создание, переключение, удаление).\r\n•  git merge: Объединяет изменения из одной ветки в другую.\r\n\r\nGit и GitHub/GitLab/Bitbucket:\r\n\r\nGitHub, GitLab и Bitbucket - это веб-сервисы, предоставляющие платформу для хранения и совместной работы с Git-репозиториями. Они значительно упрощают процесс разработки, предоставляя удобный интерфейс для управления проектами, отслеживания задач и общения между разработчиками.\r\n\r\nЗаключение:\r\n\r\nGit – это незаменимый инструмент для современного разработчика. Он помогает организовать код, контролировать изменения, сотрудничать с коллегами и создавать надежные и качественные приложения. Освоение Git – это важный шаг на пути к профессиональному росту и успеху в мире разработки программного обеспечения. Не откладывайте, начните изучать Git прямо сейчас!\r\nСтань мастером Git и улучши свою продуктивность в разработке!",
    "image": "/posts_image/git.jpg",
    "data_create": "2025-07-25T00:00:00Z",
    "data_update": "2025-07-26T00:00:00Z",
    "status": "approved",
    "moderator_comment": "",
    "category": 6,
    "coder": 3,
    "tags": [
      21
    ]
  }
},
{
  "model": "posts.post",
  "pk": 12,
  "fields": {
    "slug": "java-vs-c-vechnaya-bitva-platform",
    "title": "Java vs C#: Вечная битва платформ",
    "description": "Сравниваем Java и C#: что выбрать для разработки корпоративных приложений?",
    "content": "В мире разработки корпоративных приложений Java и C# уже давно ведут свою тихую войну за звание лучшей платформы. Обе технологии обладают богатой историей, широкой поддержкой сообщества и проверенной временем надежностью. Но что же выбрать для своего проекта? Давайте разберемся.\r\n\r\nJava: Кроссплатформенность и зрелость\r\n\r\nJava, разработанная Sun Microsystems (теперь Oracle), приобрела огромную популярность благодаря своей кроссплатформенности. Принцип \"написал однажды, запускай везде\" (write once, run anywhere - WORA) позволяет запускать Java-приложения на любой операционной системе, поддерживающей Java Virtual Machine (JVM).\r\n\r\nКлючевые преимущества Java:\r\n\r\n•  Кроссплатформенность: Java-приложения могут работать на Windows, macOS, Linux и других платформах.\r\n•  Большая и активная сообщество: Java имеет одно из самых больших и активных сообществ разработчиков в мире, что обеспечивает широкий выбор библиотек, фреймворков и инструментов.\r\n•  Зрелость и стабильность: Java существует уже много лет, что обеспечивает стабильность и надежность платформы.\r\n•  Разнообразие фреймворков: Java предлагает широкий выбор фреймворков для различных задач, таких как Spring (для разработки корпоративных приложений), Hibernate (для работы с базами данных) и Apache Kafka (для обработки потоковых данных).\r\n\r\nC#: Элегантность и интеграция с Windows\r\n\r\nC#, разработанная Microsoft, является основным языком платформы .NET. C# тесно интегрирован с Windows и предоставляет отличные возможности для разработки приложений для Windows, веб-приложений ASP.NET и игр на Unity.\r\n\r\nКлючевые преимущества C#:\r\n\r\n•  Тесная интеграция с Windows: C# предоставляет отличные возможности для разработки приложений для Windows, включая доступ к широкому спектру API и инструментов.\r\n•  Современный язык: C# - это современный язык программирования с элегантным синтаксисом и множеством полезных возможностей.\r\n•  Платформа .NET: C# является основным языком платформы .NET, которая предоставляет широкий спектр библиотек и фреймворков для разработки различных типов приложений.\r\n•  Разработка игр на Unity: C# является основным языком для разработки игр на Unity, одном из самых популярных игровых движков в мире.\r\n\r\nЧто выбрать?\r\n\r\nВыбор между Java и C# зависит от ваших конкретных потребностей и требований проекта:\r\n\r\n•  Java подойдет, если:\r\n  •  Вам нужна кроссплатформенность.\r\n  •  Вы разрабатываете корпоративное приложение, требующее высокой надежности и масштабируемости.\r\n  •  Вам нужен широкий выбор библиотек и фреймворков.\r\n•  C# подойдет, если:\r\n  •  Вы разрабатываете приложение для Windows.\r\n  •  Вам нужна тесная интеграция с платформой .NET.\r\n  •  Вы разрабатываете игру на Unity.\r\n  •  Вам важен современный язык с элегантным синтаксисом.\r\n\r\nВ конечном итоге, обе платформы являются мощными и гибкими, и выбор между ними зависит от ваших личных предпочтений и специфики проекта. Важно тщательно изучить возможности каждой платформы и выбрать ту, которая лучше всего соответствует вашим потребностям.",
    "image": "posts_image/java_c.jpg",
    "data_create": "2025-07-26T00:00:00Z",
    "data_update": "2025-07-26T00:00:00Z",
    "status": "approved",
    "moderator_comment": "",
    "category": 18,
    "coder": 3,
    "tags": [
      22,
      23,
      27
    ]
  }
},
{
  "model": "posts.post",
  "pk": 13,
  "fields": {
    "slug": "chto-takoe-linux-i-pochemu-ego-lyubyat-programmisty",
    "title": "Что такое Linux и почему его любят программисты  ?",
    "description": "Узнайте, почему программисты всего мира выбирают Linux, и как эта операционная система стала незаменимым инструментом разработки.",
    "content": "В мире операционных систем Linux занимает особое место, особенно в сердцах программистов. Эта операционная система с открытым исходным кодом не просто выжила, а стала доминирующей силой на серверах, в облачных вычислениях и, конечно же, среди разработчиков. Но почему именно Linux так любят в мире кода?\r\n\r\nЧто такое Linux?\r\n\r\nLinux — это ядро операционной системы, разработанное Линусом Торвальдсом в 1991 году. В отличие от Windows и macOS, Linux является проектом с открытым исходным кодом, что означает, что любой может просматривать, изменять и распространять его код. Это привело к появлению множества различных дистрибутивов Linux (например, Ubuntu, Fedora, Debian), каждый из которых имеет свои особенности и предназначен для разных целей.\r\n\r\nПочему программисты выбирают Linux?\r\n\r\n1. Свобода и гибкость: Linux предоставляет программистам полную свободу выбора инструментов и настроек. Вы можете настроить систему под свои нужды, установить необходимые библиотеки и фреймворки без ограничений.\r\n2. Инструменты разработчика: Linux предлагает широкий спектр инструментов для разработки, включая компиляторы, отладчики, текстовые редакторы и системы контроля версий. Многие из этих инструментов (например, GCC, Git) изначально разрабатывались для Linux.\r\n3. Терминал: Терминал Linux — это мощный инструмент, который позволяет выполнять сложные задачи с помощью простых команд. Программисты используют терминал для компиляции кода, управления файлами, автоматизации задач и многого другого.\r\n4. Открытый исходный код: Открытый исходный код Linux позволяет программистам изучать, как работает система, и вносить в нее свои изменения. Это способствует развитию сообщества и созданию новых инструментов и технологий.\r\n5. Безопасность: Linux считается одной из самых безопасных операционных систем. Благодаря открытому исходному коду и активному сообществу уязвимости быстро обнаруживаются и исправляются.\r\n6. Производительность: Linux оптимизирован для работы на серверах, что обеспечивает высокую производительность и стабильность. Это особенно важно для веб-разработчиков, которые развертывают свои приложения на Linux-серверах.\r\n7. Совместимость: Linux поддерживает широкий спектр оборудования и программного обеспечения, что делает его универсальным выбором для разработчиков.\r\n\r\nГде используется Linux?\r\n\r\n•  Серверы: Linux является самой популярной операционной системой для серверов.\r\n•  Облачные вычисления: Большинство облачных платформ, таких как Amazon Web Services (AWS), Google Cloud Platform (GCP) и Microsoft Azure, работают на Linux.\r\n•  Встраиваемые системы: Linux используется во многих встраиваемых системах, таких как маршрутизаторы, телевизоры и автомобильные компьютеры.\r\n•  Суперкомпьютеры: Большинство суперкомпьютеров работают на Linux.\r\n•  Рабочие станции разработчиков: Многие программисты используют Linux в качестве основной операционной системы на своих рабочих станциях.\r\n\r\nЗаключение:\r\n\r\nLinux — это мощная, гибкая и безопасная операционная система, которая предоставляет программистам все необходимые инструменты для разработки. Открытый исходный код, активное сообщество и высокая производительность делают Linux идеальным выбором для любого, кто занимается разработкой программного обеспечения. Пингвин Linux не просто символ операционной системы, это символ свободы, творчества и инноваций в мире кода.",
    "image": "posts_image/linux.jpg",
    "data_create": "2025-07-26T00:00:00Z",
    "data_update": "2025-07-26T00:00:00Z",
    "status": "approved",
    "moderator_comment": "",
    "category": 19,
    "coder": 1,
    "tags": [
      24,
      25,
      26
    ]
  }
},
{
  "model": "posts.post",
  "pk": 14,
  "fields": {
    "slug": "postgresql-baza-dannyh-kotoraya-perezhivyot-tvoy-kod",
    "title": "PostgreSQL: база данных, которая переживёт твой код 🐘💻",
    "description": "PostgreSQL — это не просто база данных, а легенда среди СУБД. Если SQLite — это велосипед, а MySQL — самокат, то PostgreSQL — это космический корабль с открытым исходным кодом. Рассказываем, почему её любят разработчики, как она переваривает JSON лучше, чем твой желудок шаурму, и почему её стоит выбрать для своего проекта.",
    "content": "PostgreSQL: Швейцарский Нож Мира Данных\r\n\r\nPostgreSQL – это не просто реляционная база данных, это настоящий тяжеловес, который может потягаться с коммерческими гигантами, и при этом остаётся open-source! Она не просто надёжна, она чертовски надёжна, и это подтверждено годами использования в самых разных проектах – от маленьких стартапов до огромных корпораций.\r\n\r\nЧто делает PostgreSQL таким крутым?\r\n\r\n1. Open-Source, Без Компромиссов: Забудь о лицензионных платежах и vendor lock-in. PostgreSQL – это свобода, гибкость и контроль над своими данными.\r\n\r\n2. SQL по Полной Программе: PostgreSQL соответствует стандартам SQL как никто другой. ACID-транзакции, сложные запросы, хранимые процедуры – всё это работает как часы.\r\n\r\n3. Типы Данных, От Которых Голова Кругом: JSON/JSONB, массивы, Hstore, UUID, геометрические типы данных – PostgreSQL поддерживает всё, что только можно представить. Хочешь хранить JSON прямо в базе? Легко! Нужно работать с географическими данными? PostGIS к вашим услугам!\r\n\r\n4. Расширяемость – Это Её Второе Имя: Создавай свои типы данных, функции, операторы и даже языки программирования! PostgreSQL – это как конструктор LEGO, из которого можно собрать всё, что угодно.\r\n\r\n5. Индексы, Которые Ускорят Твою Жизнь: B-tree, GIN, GiST, SP-GiST, BRIN – выбирай индекс под свою задачу, и твои запросы будут летать! Нужно индексировать JSONB? GIN тебе поможет! Работаешь с географическими данными? GiST – твой лучший друг!\r\n\r\n6. Concurrency – Как У Симфонического Оркестра: Многоверсионность (MVCC) позволяет читать данные без блокировок, обеспечивая высокую производительность даже при большом количестве одновременных запросов.\r\n\r\n7. Надёжность – Как У Швейцарских Часов: PostgreSQL славится своей стабильностью и устойчивостью к сбоям. Репликация, резервное копирование и восстановление данных – всё это работает на высшем уровне.\r\n\r\nПочему PostgreSQL – Это Твой Выбор?\r\n\r\n•  Для Стартапов: Гибкость и бесплатность позволяют быстро запускать проекты без больших затрат.\r\n\r\n•  Для Энтерпрайза: Надёжность, масштабируемость и соответствие стандартам делают PostgreSQL идеальным выбором для крупных компаний.\r\n\r\n•  Для Личных Пет-Проектов: Простота использования и богатый функционал позволяют воплощать в жизнь самые смелые идеи.\r\n\r\nВ заключение:\r\n\r\nPostgreSQL – это не просто база данных, это мощный инструмент, который поможет тебе решать самые сложные задачи. Забудь про скучные таблицы, встречай космос возможностей! Попробуй PostgreSQL сегодня, и ты поймёшь, почему её так любят разработчики по всему миру!",
    "image": "posts_image/maxresdefault.jpg",
    "data_create": "2025-08-18T22:02:22.444Z",
    "data_update": "2025-08-18T22:05:10.610Z",
    "status": "approved",
    "moderator_comment": "",
    "category": 5,
    "coder": 1,
    "tags": [
      14,
      28,
      29
    ]
  }
},
{
  "model": "posts.post",
  "pk": 15,
  "fields": {
    "slug": "kubernetes-dlya-kogo-i-zachem",
    "title": "Kubernetes: для кого и зачем ?!",
    "description": "Kubernetes — это мощная платформа для управления контейнерами, позволяющая автоматизировать развертывание, масштабирование и управление приложениями. В этой статье мы рассмотрим основные функции и преимущества Kubernetes, а также его роль в современном DevOps.",
    "content": "Kubernetes, часто сокращаемый как K8s, представляет собой открытое решение для управления контейнеризованными приложениями. Созданный Google и теперь поддерживаемый Cloud Native Computing Foundation (CNCF), Kubernetes позволяет разработчикам и операционным командам легко развертывать, масштабировать и управлять приложениями в контейнерах.\r\n\r\nОдной из ключевых особенностей Kubernetes является его способность автоматизировать многие рутинные задачи, такие как развертывание новых версий приложений, управление состоянием приложений и автоматическое восстановление после сбоев. Это достигается за счет использования декларативного подхода к конфигурации, где пользователи описывают желаемое состояние системы, а Kubernetes сам заботится о том, чтобы это состояние было достигнуто и поддерживалось.\r\n\r\nKubernetes также предлагает мощные возможности для масштабирования. Вы можете легко увеличить или уменьшить количество работающих экземпляров вашего приложения в зависимости от нагрузки, что делает его идеальным выбором для динамичных облачных сред.\r\n\r\nКроме того, благодаря обширной экосистеме плагинов и интеграций, Kubernetes может работать с различными облачными провайдерами и инструментами CI/CD, что делает его универсальным решением для современных DevOps-практик.\r\n\r\nВ заключение, Kubernetes — это не просто инструмент для управления контейнерами; это целая экосистема, способная значительно упростить жизнь разработчикам и операционным командам, позволяя им сосредоточиться на создании качественных продуктов, а не на решении инфраструктурных проблем. Если вы еще не знакомы с Kubernetes, возможно, пришло время начать изучение этой мощной платформы!",
    "image": "posts_image/Kubernetes__.png",
    "data_create": "2025-08-22T16:39:20.365Z",
    "data_update": "2025-08-22T16:39:20.365Z",
    "status": "approved",
    "moderator_comment": "",
    "category": 6,
    "coder": 3,
    "tags": [
      12,
      13
    ]
  }
},
{
  "model": "posts.post",
  "pk": 18,
  "fields": {
    "slug": "celery-ovosch-ili-moschnyy-instrument-na-python",
    "title": "Celery – овощ или мощный инструмент на Python 🥬💻?",
    "description": "Хочешь, чтобы твой Python-код выполнялся в фоне, как ниндзя? Celery – твой верный помощник! Разбираемся, как делегировать рутину и освободить веб-сервер от тяжких дум",
    "content": "Что такое Celery и зачем он нужен?\r\n\r\nCelery – это мощная и гибкая библиотека Python для асинхронной обработки задач. Представь, что у тебя есть сайт, и кто-то загружает огромный файл. Если ты будешь обрабатывать этот файл в основном потоке, сайт \"зависнет\" для всех пользователей. С Celery ты можешь делегировать обработку файла фоновому процессу, а сайт останется отзывчивым.\r\n\r\nКлючевые концепции:\r\n\r\n•   Задачи: Функции Python, которые Celery должен выполнить асинхронно.\r\n•   Воркеры: Процессы, которые берут задачи из очереди и выполняют их.\r\n•   Брокер сообщений: Посредник между твоим приложением и воркерами. Самые популярные – RabbitMQ и Redis.\r\n•   Бэкенд результатов: Место, где Celery хранит результаты выполненных задач (опционально).\r\n\r\nПростой пример:\r\n-------------------------------\r\nfrom celery import Celery\r\n\r\napp = Celery('tasks', broker='redis://localhost:6379/0')\r\n\r\n@app.task\r\ndef add(x, y):\r\n    return x + y\r\n\r\n# Отправляем задачу в очередь\r\nresult = add.delay(4, 4)\r\n\r\n# ... позже, когда нам понадобится результат:\r\nprint(result.get()) # Выведет 8\r\n\r\n--------------------------------------\r\n\r\nКак это работает?\r\n\r\n1.  Ты определяешь задачу (@app.task).\r\n2.  Вызываешь ее с помощью .delay(). Это отправляет задачу в очередь брокера сообщений (Redis в нашем примере).\r\n3.  Celery-воркер берет задачу из очереди и выполняет ее.\r\n4.  Результат (если есть) сохраняется в бэкенде результатов.\r\n5.  Ты можешь позже получить результат из бэкенда.\r\n\r\nЗачем использовать Celery?\r\n\r\n•   Улучшение производительности: Разгружает веб-сервер от выполнения ресурсоемких операций.\r\n•   Масштабируемость: Легко добавлять больше воркеров для обработки большего количества задач.\r\n•   Надежность: Если воркер упадет, задача останется в очереди и будет выполнена другим воркером.\r\n•   Управление задачами: Celery предоставляет инструменты для мониторинга, повторных попыток и отслеживания прогресса задач.\r\n\r\nКогда использовать Celery?\r\n\r\n•   Отправка email и уведомлений.\r\n•   Обработка изображений и видео.\r\n•   Выполнение сложных расчетов.\r\n•   Сбор статистики и аналитики.\r\n•   Любая задача, которая не требует немедленного ответа от веб-сервера.\r\n\r\nЗаключение:\r\n\r\nCelery – это незаменимый инструмент для любого Python-разработчика, работающего с веб-приложениями, требующими асинхронной обработки задач. Он позволяет сделать твой код более быстрым, надежным и масштабируемым. Так что не тяни кота за хвост, а начинай использовать Celery уже сегодня! 😉",
    "image": "posts_image/celery.png",
    "data_create": "2025-09-11T22:45:15.181Z",
    "data_update": "2025-09-11T22:52:26.869Z",
    "status": "approved",
    "moderator_comment": "",
    "category": 1,
    "coder": 1,
    "tags": [
      1,
      2,
      33,
      34,
      36
    ]
  }
},
{
  "model": "posts.post",
  "pk": 19,
  "fields": {
    "slug": "rabbitmq-svyaznoy-krolik-kotoryy-ne-podvedet",
    "title": "RabbitMQ – Связной Кролик, Который Не Подведет! 🐇",
    "description": "Устал от сервисов, которые не могут договориться? RabbitMQ – твой кролик-переговорщик! Разбираемся, как этот брокер сообщений поможет твоим приложениям общаться без скандалов.",
    "content": "Что такое RabbitMQ и зачем он нужен?\r\n\r\nRabbitMQ – это брокер сообщений, или message broker. Представь себе кролика, который переносит записки между разными частями твоего приложения. Он получает сообщения от одних сервисов и доставляет их другим, гарантируя, что ни одно сообщение не потеряется.\r\n\r\nКлючевые концепции:\r\n\r\n•  Producer (производитель): Сервис, который отправляет сообщения в RabbitMQ.\r\n•  Exchange (обменник): Маршрутизатор, который получает сообщения от производителя и направляет их в очереди.\r\n•  Queue (очередь): Буфер, который хранит сообщения до тех пор, пока потребитель не будет готов их обработать.\r\n•  Consumer (потребитель): Сервис, который получает сообщения из очереди и обрабатывает их.\r\n•  Binding (привязка): Связь между обменником и очередью. Определяет, какие сообщения из обменника попадут в конкретную очередь.\r\n\r\nКак это работает?\r\n\r\n1. Producer отправляет сообщение в Exchange.\r\n2. Exchange, в зависимости от настроек binding, направляет сообщение в одну или несколько очередей.\r\n3. Consumer подключается к очереди и получает сообщения.\r\n\r\nЗачем использовать RabbitMQ?\r\n\r\n•  Асинхронная коммуникация: Позволяет сервисам обмениваться данными без необходимости ждать ответа.\r\n•  Разделение ответственности: Сервисы не зависят друг от друга напрямую, что упрощает разработку и масштабирование.\r\n•  Надежность: RabbitMQ гарантирует доставку сообщений, даже если один из сервисов временно недоступен.\r\n•  Гибкость: Поддерживает разные типы обмена сообщениями (direct, fanout, topic, headers).\r\n\r\nКогда использовать RabbitMQ?\r\n\r\n•  Микросервисные архитектуры.\r\n•  Асинхронная обработка задач (например, с помощью Celery).\r\n•  Обмен данными между различными приложениями.\r\n•  Реализация паттерна \"publish-subscribe\".\r\n\r\nТипы обменников:\r\n\r\n•  Direct: Сообщение доставляется в очередь, у которой binding key точно совпадает с routing key сообщения.\r\n•  Fanout: Сообщение доставляется во все очереди, привязанные к обменнику.\r\n•  Topic: Сообщение доставляется в очереди, у которых binding key соответствует routing key сообщения с использованием wildcard символов (# и *).\r\n•  Headers: Сообщение доставляется в очереди, у которых headers совпадают с headers сообщения.\r\n\r\nПример (упрощенный):\r\n\r\nПредставь, что у тебя есть два сервиса: order_service и notification_service.\r\n\r\n1. order_service отправляет сообщение о новом заказе в RabbitMQ.\r\n2. Exchange order_events (типа fanout) рассылает сообщение во все привязанные очереди.\r\n3. notification_service получает сообщение из своей очереди и отправляет email пользователю.\r\n\r\nЗаключение:\r\n\r\nRabbitMQ – это мощный и универсальный инструмент для построения распределенных систем. Он помогает твоим сервисам общаться друг с другом надежно и эффективно. Не бойся запустить этого кролика в свой проект – он принесет только пользу! 🚀",
    "image": "posts_image/0834e8671743cda678bdf5e1cda43216.jpg",
    "data_create": "2025-09-11T22:56:55.036Z",
    "data_update": "2025-09-11T22:57:55.413Z",
    "status": "approved",
    "moderator_comment": "",
    "category": 15,
    "coder": 3,
    "tags": [
      34,
      36
    ]
  }
},
{
  "model": "posts.category",
  "pk": 1,
  "fields": {
    "slug": "backend",
    "title": "Backend"
  }
},
{
  "model": "posts.category",
  "pk": 2,
  "fields": {
    "slug": "frontend",
    "title": "Frontend"
  }
},
{
  "model": "posts.category",
  "pk": 3,
  "fields": {
    "slug": "kiberbezopasnost",
    "title": "Кибербезопасность"
  }
},
{
  "model": "posts.category",
  "pk": 4,
  "fields": {
    "slug": "mobilnaya-razrabotka",
    "title": "Мобильная разработка"
  }
},
{
  "model": "posts.category",
  "pk": 5,
  "fields": {
    "slug": "bazy-dannyh",
    "title": "Базы данных"
  }
},
{
  "model": "posts.category",
  "pk": 6,
  "fields": {
    "slug": "devops",
    "title": "DevOps"
  }
},
{
  "model": "posts.category",
  "pk": 7,
  "fields": {
    "slug": "data-science",
    "title": "Data Science"
  }
},
{
  "model": "posts.category",
  "pk": 8,
  "fields": {
    "slug": "mashinnoe-obuchenie",
    "title": "Машинное обучение"
  }
},
{
  "model": "posts.category",
  "pk": 9,
  "fields": {
    "slug": "iskusstvennyy-intellekt",
    "title": "Искусственный интеллект"
  }
},
{
  "model": "posts.category",
  "pk": 10,
  "fields": {
    "slug": "oblachnye-vychisleniya",
    "title": "Облачные вычисления"
  }
},
{
  "model": "posts.category",
  "pk": 11,
  "fields": {
    "slug": "bezopasnost",
    "title": "Безопасность"
  }
},
{
  "model": "posts.category",
  "pk": 12,
  "fields": {
    "slug": "algoritmy",
    "title": "Алгоритмы"
  }
},
{
  "model": "posts.category",
  "pk": 13,
  "fields": {
    "slug": "arhitektura-programmnogo-obespecheniya",
    "title": "Архитектура программного обеспечения"
  }
},
{
  "model": "posts.category",
  "pk": 14,
  "fields": {
    "slug": "testirovanie",
    "title": "Тестирование"
  }
},
{
  "model": "posts.category",
  "pk": 15,
  "fields": {
    "slug": "web-development",
    "title": "Web Development"
  }
},
{
  "model": "posts.category",
  "pk": 16,
  "fields": {
    "slug": "game-development",
    "title": "Game Development"
  }
},
{
  "model": "posts.category",
  "pk": 17,
  "fields": {
    "slug": "seti",
    "title": "Сети"
  }
},
{
  "model": "posts.category",
  "pk": 18,
  "fields": {
    "slug": "programming-languages",
    "title": "Языки программирования"
  }
},
{
  "model": "posts.category",
  "pk": 19,
  "fields": {
    "slug": "operation-system",
    "title": "Операционные системы"
  }
},
{
  "model": "posts.tags",
  "pk": 1,
  "fields": {
    "slug": "python",
    "title": "Python"
  }
},
{
  "model": "posts.tags",
  "pk": 2,
  "fields": {
    "slug": "django",
    "title": "Django"
  }
},
{
  "model": "posts.tags",
  "pk": 3,
  "fields": {
    "slug": "flask",
    "title": "Flask"
  }
},
{
  "model": "posts.tags",
  "pk": 4,
  "fields": {
    "slug": "react",
    "title": "React"
  }
},
{
  "model": "posts.tags",
  "pk": 5,
  "fields": {
    "slug": "angular",
    "title": "Angular"
  }
},
{
  "model": "posts.tags",
  "pk": 6,
  "fields": {
    "slug": "vue-js",
    "title": "Vue.js"
  }
},
{
  "model": "posts.tags",
  "pk": 7,
  "fields": {
    "slug": "javaScript",
    "title": "JavaScript"
  }
},
{
  "model": "posts.tags",
  "pk": 8,
  "fields": {
    "slug": "html",
    "title": "HTML"
  }
},
{
  "model": "posts.tags",
  "pk": 9,
  "fields": {
    "slug": "css",
    "title": "CSS"
  }
},
{
  "model": "posts.tags",
  "pk": 10,
  "fields": {
    "slug": "rest-api",
    "title": "REST API"
  }
},
{
  "model": "posts.tags",
  "pk": 11,
  "fields": {
    "slug": "graphql",
    "title": "GraphQL"
  }
},
{
  "model": "posts.tags",
  "pk": 12,
  "fields": {
    "slug": "docker",
    "title": "Docker"
  }
},
{
  "model": "posts.tags",
  "pk": 13,
  "fields": {
    "slug": "kubernetes",
    "title": "Kubernetes"
  }
},
{
  "model": "posts.tags",
  "pk": 14,
  "fields": {
    "slug": "sql",
    "title": "SQL"
  }
},
{
  "model": "posts.tags",
  "pk": 15,
  "fields": {
    "slug": "no-sql",
    "title": "NoSQL"
  }
},
{
  "model": "posts.tags",
  "pk": 16,
  "fields": {
    "slug": "algoritm",
    "title": "Алгоритм"
  }
},
{
  "model": "posts.tags",
  "pk": 17,
  "fields": {
    "slug": "bezopasnost",
    "title": "Безопасность"
  }
},
{
  "model": "posts.tags",
  "pk": 18,
  "fields": {
    "slug": "c-plus-plus",
    "title": "C++"
  }
},
{
  "model": "posts.tags",
  "pk": 19,
  "fields": {
    "slug": "protokoly",
    "title": "Протоколы"
  }
},
{
  "model": "posts.tags",
  "pk": 20,
  "fields": {
    "slug": "ai",
    "title": "AI"
  }
},
{
  "model": "posts.tags",
  "pk": 21,
  "fields": {
    "slug": "git",
    "title": "Git"
  }
},
{
  "model": "posts.tags",
  "pk": 22,
  "fields": {
    "slug": "java",
    "title": "Java"
  }
},
{
  "model": "posts.tags",
  "pk": 23,
  "fields": {
    "slug": "c-sharp",
    "title": "C#"
  }
},
{
  "model": "posts.tags",
  "pk": 24,
  "fields": {
    "slug": "mac-os",
    "title": "Mac-OS"
  }
},
{
  "model": "posts.tags",
  "pk": 25,
  "fields": {
    "slug": "windows",
    "title": "Windows"
  }
},
{
  "model": "posts.tags",
  "pk": 26,
  "fields": {
    "slug": "linux",
    "title": "Linux"
  }
},
{
  "model": "posts.tags",
  "pk": 27,
  "fields": {
    "slug": "programming-language",
    "title": "Язык программирования"
  }
},
{
  "model": "posts.tags",
  "pk": 28,
  "fields": {
    "slug": "postgresql",
    "title": "PostgreSQL"
  }
},
{
  "model": "posts.tags",
  "pk": 29,
  "fields": {
    "slug": "sqlite",
    "title": "SQLite"
  }
},
{
  "model": "posts.tags",
  "pk": 30,
  "fields": {
    "slug": "mysql",
    "title": "MySQL"
  }
},
{
  "model": "posts.tags",
  "pk": 31,
  "fields": {
    "slug": "ms-sql",
    "title": "MS-SQL"
  }
},
{
  "model": "posts.tags",
  "pk": 32,
  "fields": {
    "slug": "ruby",
    "title": "Ruby"
  }
},
{
  "model": "posts.tags",
  "pk": 33,
  "fields": {
    "slug": "redis",
    "title": "Redis"
  }
},
{
  "model": "posts.tags",
  "pk": 34,
  "fields": {
    "slug": "rabbitmq",
    "title": "RabbitMQ"
  }
},
{
  "model": "posts.tags",
  "pk": 35,
  "fields": {
    "slug": "kafka",
    "title": "Kafka"
  }
},
{
  "model": "posts.tags",
  "pk": 36,
  "fields": {
    "slug": "celery",
    "title": "Celery"
  }
},
{
  "model": "users.coder",
  "pk": 1,
  "fields": {
    "password": "pbkdf2_sha256$1000000$xFHfjFgtnCY6WmnNqNEawW$HSKhMmQfrNJBv9IxZObmgRfMoNXGdW3YXVkn59RGsYo=",
    "last_login": "2025-09-13T00:11:21.668Z",
    "is_superuser": true,
    "username": "tami",
    "first_name": "Tamiron",
    "last_name": "Post",
    "is_staff": true,
    "is_active": true,
    "date_joined": "2025-07-24T15:45:50Z",
    "photo": "users_photo/photo_5429520617507507055_y.jpg",
    "birthday": "2007-10-11T00:00:00Z",
    "about": "Я Backend-разработчик, почти с 3-х летним стажем. Начала свой путь в IT с изучения HTML / CSS ну и JS конечно,\r\nно мне что-то не зашло. Думала стать Frontendером но все как-то по другому получилось 😅, поняла, что не мое это. \r\nЧто хочу больше логики и всего такого.\r\n\r\nВ данный момент мой основной язык это Python 🐍. Отлично его знаю и люблю. Знаю довольно много его библиотек и часто использую некоторые из низ\r\nПрактикую такие фреймворки как Flask и Django. В скором времени хочу пробовать переходить на Rest-API и использовать React-Js в качестве Fronta 💻🎨\r\n\r\nИз БД работаю с SQLite, SQL-Server Microsoft, MySQL и вот начинаю изучать PosgresSQL\r\n\r\nУмею также работать с разными API, Git, Docker и т.д\r\nПомимо этого интересуюсь сетями и операционными системами Linux 🐧\r\n\r\nссылочка на GitHub кому интересно: https://github.com/lublu-coffee",
    "email": "tdrozdikova@gmail.com",
    "groups": [
      2
    ],
    "user_permissions": []
  }
},
{
  "model": "users.coder",
  "pk": 3,
  "fields": {
    "password": "pbkdf2_sha256$1000000$r8t1T3TVxpZz6E07LmSmAB$lCX5MPdvPDF1aDXTC72PCDG+NhGhGrzo9AVxdXlkNTk=",
    "last_login": "2025-09-12T17:41:23.925Z",
    "is_superuser": false,
    "username": "Lari",
    "first_name": "Лари",
    "last_name": "Милорд",
    "is_staff": false,
    "is_active": true,
    "date_joined": "2025-07-25T18:24:00Z",
    "photo": "users_photo/tralalela_tralala_Szi6jYP.jpg",
    "birthday": "2006-08-28T00:00:00Z",
    "about": "Я Frontend-разработчик с 5 летним стажем. Знаю HTML, CSS, JS, React-Js, View и много другое 😁💻",
    "email": "larimi@gmail.com",
    "groups": [
      1
    ],
    "user_permissions": []
  }
},
{
  "model": "users.coder",
  "pk": 5,
  "fields": {
    "password": "pbkdf2_sha256$1000000$VZaUNqoHBwP2zDOen7mCHK$X8S7/83uNZAb139x+vYeZ+A+cy+EnwMqrDLbe94G5/E=",
    "last_login": "2025-08-21T09:49:55.729Z",
    "is_superuser": false,
    "username": "Salmon",
    "first_name": "Лосось",
    "last_name": "Рыбович",
    "is_staff": false,
    "is_active": true,
    "date_joined": "2025-08-04T09:38:01.143Z",
    "photo": "users_photo/__T5TqpMO.jfif",
    "birthday": "1925-01-01T00:00:00Z",
    "about": "Я рыба, учу исключительно Pascal",
    "email": "salmon@gmail.com",
    "groups": [],
    "user_permissions": []
  }
},
{
  "model": "users.coder",
  "pk": 6,
  "fields": {
    "password": "pbkdf2_sha256$1000000$KPBvjMfzbDFHHCFxySfepf$6V73hHq6tvpD6Rfya05sttS2XWOftMYZ2CnM8RgUH3U=",
    "last_login": null,
    "is_superuser": false,
    "username": "user1Love",
    "first_name": "Федя",
    "last_name": "Воробьев",
    "is_staff": false,
    "is_active": true,
    "date_joined": "2025-08-04T15:49:41.011Z",
    "photo": "users_photo/no_ava.jpg",
    "birthday": "1925-01-01T00:00:00Z",
    "about": "ничего",
    "email": "vorobie@gmail.com",
    "groups": [],
    "user_permissions": []
  }
},
{
  "model": "users.coder",
  "pk": 13,
  "fields": {
    "password": "!HwXmkIdPim59nVNN12iVHEPdNzVevqEzkxnnmJ3L",
    "last_login": "2025-08-18T11:13:12.399Z",
    "is_superuser": false,
    "username": "brajniklychi88",
    "first_name": "Harley",
    "last_name": "Forest",
    "is_staff": false,
    "is_active": true,
    "date_joined": "2025-08-18T11:13:12.321Z",
    "photo": "users_photo/no_ava.jpg",
    "birthday": null,
    "about": "",
    "email": "brajniklychi88@gmail.com",
    "groups": [],
    "user_permissions": []
  }
},
{
  "model": "users.coder",
  "pk": 16,
  "fields": {
    "password": "!EiXOhohDKZW5Abu3JGvX5v3f6yz0sP3QY6EfGgUf",
    "last_login": "2025-08-20T22:58:14.230Z",
    "is_superuser": false,
    "username": "lublu-coffee",
    "first_name": "YrtemViZ5",
    "last_name": "",
    "is_staff": false,
    "is_active": true,
    "date_joined": "2025-08-18T11:20:35.850Z",
    "photo": "users_photo/no_ava.jpg",
    "birthday": null,
    "about": "",
    "email": "sonyadrozdikova@gmail.com",
    "groups": [
      2
    ],
    "user_permissions": []
  }
}
]
